{"accuracy": 2, "auto_tune_backend": true, "auto_tune_target_transform": false, "benchmark_settings": null, "class_freq": null, "classification": true, "cols_imputation": [], "cols_to_drop": [], "cols_to_group_by": null, "config_dict_for_json": {"allow_config_overrides_in_expert_page": true, "user_config_directory": "", "vis_server_ip": "127.0.0.1", "vis_server_port": 12346, "procsy_ip": "127.0.0.1", "procsy_port": 12347, "h2o_ip": "127.0.0.1", "h2o_port": 12348, "enable_h2o_recipes": true, "h2o_recipes_url": "None", "h2o_recipes_ip": "None", "h2o_recipes_port": 50341, "h2o_recipes_name": "None", "h2o_recipes_nthreads": 4, "h2o_recipes_log_level": "None", "h2o_recipes_max_mem_size": "None", "h2o_recipes_min_mem_size": "None", "h2o_recipes_kwargs": {}, "ip": "127.0.0.1", "port": 12345, "port_range": [], "max_file_upload_size": 104857600000, "log_level": 1, "collect_server_logs_in_experiment_logs": false, "redis_ip": "127.0.0.1", "redis_port": 6379, "enable_https": false, "ssl_key_file": "/etc/dai/private_key.pem", "ssl_crt_file": "/etc/dai/cert.pem", "ssl_no_sslv2": true, "ssl_no_sslv3": true, "ssl_no_tlsv1": true, "ssl_no_tlsv1_1": true, "ssl_no_tlsv1_2": false, "ssl_no_tlsv1_3": false, "ssl_client_verify_mode": "CERT_NONE", "ssl_ca_file": "", "ssl_client_key_file": "", "ssl_client_crt_file": "", "data_directory": "./tmp", "data_upload_directory": "uploads", "recipes_temporary_data_directory": "recipe_tmp", "enable_quick_benchmark": true, "enable_extended_benchmark": false, "extended_benchmark_scale_num_rows": 0.1, "enable_startup_checks": true, "usage_stats_opt_in": false, "authentication_method": "local", "authentication_default_timeout_hours": 72, "auth_openid_provider_base_uri": "", "auth_openid_configuration_uri": "", "auth_openid_auth_uri": "", "auth_openid_token_uri": "", "auth_openid_userinfo_uri": "", "auth_openid_logout_uri": "", "auth_openid_redirect_uri": "", "auth_openid_grant_type": "", "auth_openid_response_type": "", "auth_openid_scope": "", "auth_openid_urlencode_quote_via": "quote", "auth_openid_access_token_expiry_key": "expires_in", "auth_openid_refresh_token_expiry_key": "refresh_expires_in", "auth_openid_token_expiration_secs": 3600, "auth_openid_use_objectpath_match": false, "auth_openid_use_objectpath_expression": "", "ldap_server": "", "ldap_port": "", "ldap_bind_dn": "", "ldap_tls_file": "", "ldap_use_ssl": false, "ldap_search_base": "", "ldap_search_filter": "", "ldap_search_attributes": "", "ldap_user_name_attribute": "", "ldap_recipe": "0", "ldap_user_prefix": "", "ldap_search_user_id": "", "ldap_search_password": "", "ldap_ou_dn": "", "ldap_dc": "", "ldap_base_dn": "", "ldap_base_filter": "", "auth_tls_crl_file": "", "auth_tls_subject_field": "CN", "auth_tls_field_parse_regexp": "(?P<username>.*)", "auth_tls_user_lookup": "REGEXP_ONLY", "auth_tls_ldap_authorization_lookup_filter": "", "auth_tls_ldap_authorization_search_base": "", "supported_file_types": ["csv", "tsv", "txt", "dat", "tgz", "gz", "bz2", "zip", "xz", "xls", "xlsx", "jay", "feather", "bin", "arff", "parquet", "pkl"], "recipe_supported_file_types": ["py", "pyc"], "list_files_without_extensions": false, "enabled_file_systems": ["upload", "file", "hdfs", "s3", "recipe_file", "recipe_url"], "max_files_listed": 100, "master_minio_address": "<URL>:<PORT>", "allow_localstorage": true, "allow_orig_cols_in_predictions": true, "max_runtime_minutes": 1440, "max_runtime_minutes_until_abort": 10080, "recipe": "auto", "feature_engineering_effort": 5, "check_distribution_shift": "auto", "check_distribution_shift_drop": "auto", "drop_features_distribution_shift_threshold_auc": 0.999, "check_leakage": "auto", "drop_features_leakage_threshold_auc": 0.999, "leakage_max_data_size": 10000000, "make_python_scoring_pipeline": "auto", "make_mojo_scoring_pipeline": "auto", "benchmark_mojo_latency": "auto", "benchmark_mojo_latency_auto_size_limit": 100, "mojo_building_timeout": 1800.0, "mojo_building_parallelism": -1, "make_pipeline_visualization": "auto", "make_autoreport": true, "max_cores": 0, "max_cores_dai": -1, "stall_subprocess_submission_dai_fork_threshold_count": 0, "stall_subprocess_submission_mem_threshold_pct": 2, "max_cores_by_physical": true, "max_cores_limit": 100, "max_fit_cores": 10, "max_predict_cores": 0, "max_predict_cores_in_dai": 4, "batch_cpu_tuning_max_workers": 0, "cpu_max_workers": 0, "num_gpus_per_experiment": -1, "min_num_cores_per_gpu": 2, "num_gpus_per_model": 1, "num_gpus_for_prediction": 0, "assumed_simultaneous_dt_forks_munging": 3, "assumed_simultaneous_dt_forks_stats_openblas": 3, "max_max_dt_threads_munging": 4, "max_max_dt_threads_stats_openblas": 4, "max_max_dt_threads_readwrite": 4, "min_dt_threads_munging": 1, "min_dt_threads_final_munging": 1, "max_dt_threads_munging": -1, "max_dt_threads_readwrite": -1, "max_dt_threads_stats_openblas": -1, "max_dt_threads_do_timeseries_split_suggestion": 1, "munging_report_period": 10, "working_munging_report_period": 120, "training_report_period": 10, "working_training_report_period": 60, "gpu_id_start": 0, "max_workers": 1, "ping_period": 60, "ping_sleep_period": 1, "disk_limit_gb": 5, "stall_disk_limit_gb": 1, "memory_limit_gb": 5, "min_num_rows": 100, "min_rows_per_class": 5, "min_rows_per_split": 5, "data_precision": "float32", "transformer_precision": "float32", "ulimit_up_to_hard_limit": true, "limit_nofile": 65535, "limit_nproc": 16384, "reproducibility_level": 1, "seed": 1234, "missing_values": ["", "?", "None", "nan", "NA", "N/A", "unknown", "inf", "-inf", "1.7976931348623157e+308", "-1.7976931348623157e+308"], "tf_nan_impute_value": -5, "statistical_threshold_data_size_small": 100000, "statistical_threshold_data_size_large": 500000000, "aux_threshold_data_size_large": 10000000, "performance_threshold_data_size_small": 100000, "performance_threshold_data_size_large": 100000000, "max_cols": 10000, "max_rows_col_stats": 1000000, "orig_features_fs_report": false, "max_rows_fs": 1000000, "max_workers_fs": 0, "max_orig_cols_selected": 10000, "max_orig_numeric_cols_selected": 10000, "max_orig_nonnumeric_cols_selected": 300, "max_orig_cols_selected_simple_factor": 2, "fs_orig_cols_selected": 500, "fs_orig_numeric_cols_selected": 500, "fs_orig_nonnumeric_cols_selected": 200, "fs_orig_cols_selected_simple_factor": 2, "max_relative_cardinality": 0.95, "max_absolute_cardinality": 1000000, "num_as_cat": true, "max_int_as_cat_uniques": 50, "num_folds": 3, "allow_different_classes_across_fold_splits": true, "full_cv_accuracy_switch": 8, "ensemble_accuracy_switch": 5, "num_ensemble_folds": 5, "fold_reps": 1, "max_num_classes": 200, "num_actuals_vs_predicted": 100, "feature_brain_level": 2, "brain_maximum_diff_score": 0.1, "max_num_brain_indivs": 3, "feature_brain_save_every_iteration": 0, "which_iteration_brain": -1, "refit_same_best_individual": false, "brain_rel_dir": "H2O.ai_brain", "brain_max_size_GB": 20, "brain_add_features_for_new_columns": true, "early_stopping": true, "early_stopping_per_individual": true, "min_dai_iterations": 0, "nfeatures_max": -1, "ngenes_max": -1, "limit_features_by_interpretability": true, "tensorflow_max_epochs_nlp": 2, "enable_tensorflow_nlp_accuracy_switch": 5, "enable_tensorflow_textcnn": "auto", "enable_tensorflow_textbigru": "auto", "enable_tensorflow_charcnn": "auto", "tensorflow_nlp_pretrained_embeddings_file_path": "", "tensorflow_nlp_pretrained_embeddings_trainable": false, "tensorflow_nlp_have_gpus_in_production": false, "text_fraction_for_text_dominated_problem": 0.3, "text_transformer_fraction_for_text_dominated_problem": 0.3, "string_col_as_text_threshold": 0.3, "string_col_as_text_min_relative_cardinality": 0.1, "string_col_as_text_min_absolute_cardinality": 100, "monotonicity_constraints_interpretability_switch": 7, "monotonicity_constraints_correlation_threshold": 0.1, "default_max_feature_interaction_depth": 8, "max_feature_interaction_depth": -1, "fixed_feature_interaction_depth": 0, "fixed_feature_interaction_depth_numcat_cat": 0, "fixed_feature_interaction_depth_many_inputs_generates_not_useful": 0, "tune_parameters_accuracy_switch": 3, "tune_target_transform_accuracy_switch": 3, "target_transformer": "auto", "tournament_style": "auto", "tournament_uniform_style_interpretability_switch": 6, "tournament_uniform_style_accuracy_switch": 6, "tournament_model_style_accuracy_switch": 6, "tournament_feature_style_accuracy_switch": 7, "tournament_fullstack_style_accuracy_switch": 8, "tournament_use_feature_penalized_score": true, "num_individuals": 2, "fixed_num_individuals": 0, "fixed_fold_reps": 0, "fixed_only_first_fold_model": false, "sanitize_natural_sort_limit": 1000, "enable_target_encoding": "auto", "enable_lexilabel_encoding": "off", "enable_isolation_forest": "off", "enable_one_hot_encoding": "auto", "isolation_forest_nestimators": 200, "included_transformers": ["CVCatNumEncodeTransformer", "CVTargetEncodeTransformer", "CatOriginalTransformer", "CatTransformer", "ClusterDistTransformer", "ClusterTETransformer", "DateOriginalTransformer", "DateTimeOriginalTransformer", "DatesTransformer", "EwmaLagsTransformer", "FrequentTransformer", "InteractionsTransformer", "IsHolidayTransformer", "IsolationForestAnomalyNumCatAllColsTransformer", "IsolationForestAnomalyNumCatTransformer", "IsolationForestAnomalyNumericTransformer", "LagsAggregatesTransformer", "LagsInteractionTransformer", "LagsTransformer", "LexiLabelEncoderTransformer", "NumCatTETransformer", "NumToCatTETransformer", "NumToCatWoEMonotonicTransformer", "NumToCatWoETransformer", "OneHotEncodingTransformer", "OriginalTransformer", "RawTransformer", "TextBiGRUTransformer", "TextCNNTransformer", "TextCharCNNTransformer", "TextLinModelTransformer", "TextTransformer", "TruncSVDNumTransformer", "WeightOfEvidenceTransformer"], "excluded_transformers": [], "included_genes": [], "excluded_genes": [], "included_models": ["CONSTANT", "DECISIONTREE", "FTRL", "GLM", "IMBALANCEDLIGHTGBM", "IMBALANCEDXGBOOSTGBM", "LIGHTGBM", "RULEFIT", "TENSORFLOW", "XGBOOSTDART", "XGBOOSTGBM"], "excluded_models": [], "included_scorers": ["ACCURACY", "AUC", "AUCPR", "F05", "F1", "F2", "GINI", "LOGLOSS", "MACROAUC", "MAE", "MAPE", "MCC", "MER", "MSE", "R2", "RMSE", "RMSLE", "RMSPE", "SMAPE"], "excluded_scorers": [], "enable_xgboost_gbm": "auto", "enable_xgboost_dart": "auto", "xgboost_threshold_data_size_large": 100000000, "xgboost_gpu_threshold_data_size_large": 30000000, "enable_glm": "auto", "enable_decision_tree": "auto", "enable_lightgbm": "auto", "enable_tensorflow": "auto", "enable_ftrl": "auto", "enable_rulefit": "auto", "enable_lightgbm_boosting_types": ["gbdt"], "enable_lightgbm_cat_support": false, "enable_constant_model": "auto", "show_constant_model": false, "drop_constant_model_final_ensemble": true, "params_lightgbm": {}, "params_xgboost": {}, "params_dart": {}, "params_tensorflow": {}, "params_gblinear": {}, "params_decision_tree": {}, "params_rulefit": {}, "params_ftrl": {}, "params_tune_lightgbm": {}, "params_tune_xgboost": {}, "params_tune_dart": {}, "params_tune_tensorflow": {}, "params_tune_gblinear": {}, "params_tune_rulefit": {}, "params_tune_ftrl": {}, "params_tune_grow_policy_simple_trees": true, "max_nestimators": 3000, "n_estimators_list_no_early_stopping": "50,100,200,300", "min_learning_rate_final": 0.01, "max_learning_rate_final": 0.05, "max_nestimators_feature_evolution_factor": 0.2, "min_learning_rate": 0.05, "max_learning_rate": 0.5, "max_epochs": 10, "max_max_depth": 12, "default_max_bin": 256, "default_lightgbm_max_bin": 64, "max_max_bin": 256, "min_max_bin": 32, "scale_mem_for_max_bin": 10737418240, "factor_rf": 1.25, "tensorflow_use_all_cores": true, "tensorflow_use_all_cores_even_if_reproducible_true": false, "tensorflow_cores": 0, "rulefit_max_num_rules": -1, "rulefit_max_tree_depth": 6, "rulefit_max_num_trees": 100, "rulefit_threshold_data_size_large": 100000000, "one_hot_encoding_cardinality_threshold": 50, "one_hot_encoding_cardinality_limiter": true, "fixed_ensemble_level": -1, "cross_validate_single_final_model": true, "parameter_tuning_num_models": -1, "validate_meta_learner": false, "fixed_num_folds_evolution": -1, "fixed_num_folds": -1, "num_fold_ids_show": 10, "feature_evolution_data_size": 100000000, "final_pipeline_data_size": 500000000, "max_validation_to_training_size_ratio_for_final_ensemble": 2.0, "force_stratified_splits_for_imbalanced_threshold_binary": 0.01, "imbalance_sampling_method": "off", "imbalance_ratio_sampling_threshold": 5, "heavy_imbalance_ratio_sampling_threshold": 25, "imbalance_sampling_number_of_bags": -1, "imbalance_sampling_max_number_of_bags": 10, "imbalance_sampling_max_number_of_bags_feature_evolution": 3, "imbalance_sampling_max_multiple_data_size": 1.0, "imbalance_sampling_rank_averaging": "auto", "imbalance_sampling_target_minority_fraction": -1.0, "imbalance_ratio_notification_threshold": 2.0, "nbins_ftrl_list": [1000000, 10000000, 100000000], "ftrl_max_interaction_terms_per_degree": 10000, "te_bin_list": [25, 10, 100, 250], "woe_bin_list": [25, 10, 100, 250], "ohe_bin_list": [10, 25, 50, 75, 100], "drop_constant_columns": true, "drop_id_columns": true, "no_drop_features": false, "cols_to_drop": "", "cols_to_group_by": "", "sample_cols_to_group_by": false, "agg_funcs_for_group_by": ["mean", "sd", "min", "max", "count"], "folds_for_group_by": 5, "mutation_mode": "sample", "shift_check_text": false, "use_rf_for_shift_if_have_lgbm": true, "shift_key_features_varimp": 0.01, "shift_check_reduced_features": true, "shift_trees": 100, "shift_max_bin": 256, "shift_min_max_depth": 4, "shift_max_max_depth": 8, "detect_features_distribution_shift_threshold_auc": 0.55, "drop_features_distribution_shift_min_features": 1, "leakage_check_text": true, "leakage_key_features_varimp": 0.001, "leakage_key_features_varimp_if_no_early_stopping": 0.05, "leakage_check_reduced_features": true, "use_rf_for_leakage_if_have_lgbm": true, "leakage_trees": 100, "leakage_max_bin": 256, "leakage_min_max_depth": 4, "leakage_max_max_depth": 8, "detect_features_leakage_threshold_auc": 0.95, "detect_features_per_feature_leakage_threshold_auc": 0.8, "drop_features_leakage_min_features": 1, "leakage_train_test_split": 0.25, "detailed_traces": false, "debug_log": false, "log_system_info_per_experiment": true, "max_debug_description_length": 1000, "abs_tol_for_perfect_score": 0.0001, "data_ingest_timeout": 86400.0, "time_series_recipe": true, "time_series_validation_fold_split_datetime_boundaries": "", "timeseries_split_suggestion_timeout": 30.0, "use_lags_if_not_time_series_recipe": false, "min_ymd_timestamp": 19000101, "max_ymd_timestamp": 21000101, "max_rows_datetime_format_detection": 100000, "holiday_features": true, "holiday_country": "US", "max_time_series_properties_sample_size": 250000, "max_lag_sizes": -1, "min_lag_autocorrelation": 0.1, "max_signal_lag_sizes": 100, "sample_lag_sizes": false, "max_sampled_lag_sizes": 10, "override_lag_sizes": "", "min_lag_size": -1, "allow_time_column_as_feature": true, "allow_time_column_as_numeric_feature": false, "datetime_funcs": ["year", "quarter", "month", "week", "weekday", "day", "dayofyear", "hour", "minute", "second"], "allow_tgc_as_features": false, "allowed_coltypes_for_tgc_as_features": ["numeric", "categorical", "ohe_categorical", "datetime", "date", "text"], "enable_time_unaware_transformers": "auto", "tgc_only_use_all_groups": true, "time_series_holdout_preds": true, "time_series_validation_splits": -1, "time_series_splits_max_overlap": 0.5, "time_series_max_holdout_splits": -1, "mli_ts_fast_approx": false, "mli_ts_fast_approx_contribs": true, "mli_ts_holdout_contribs": true, "time_series_min_interpretability": 5, "lags_dropout": "dependent", "prob_lag_non_targets": 0.1, "rolling_test_method": "tta", "prob_default_lags": 0.2, "prob_lagsinteraction": 0.2, "prob_lagsaggregates": 0.2, "tgc_via_ui_max_ncols": 10, "tgc_dup_tolerance": 0.01, "mli_use_mojo_pipeline": false, "mli_sample_above_for_scoring": 1000000, "mli_sample_above_for_training": 100000, "mli_sample_size": 100000, "mli_num_quantiles": 10, "mli_drf_num_trees": 100, "mli_fast_approx": true, "fast_approx_num_trees": 50, "fast_approx_do_one_fold_one_model": true, "mli_drf_max_depth": 20, "mli_sample_training": true, "klime_lambda": [1e-06, 1e-08], "klime_alpha": 0.0, "mli_max_numeric_enum_cardinality": 25, "mli_max_number_cluster_vars": 6, "use_all_columns_klime_kmeans": false, "mli_strict_version_check": true, "mli_cloud_name": "", "mli_ice_per_bin_strategy": false, "mli_dia_default_max_cardinality": 10, "enable_mli_sa": true, "mli_dia_sample_size": 100000, "mli_pd_sample_size": 100000, "enable_mli_async_api": true, "enable_mli_sa_main_chart_aggregator": true, "mli_sa_sampling_limit": 500000, "mli_sa_main_chart_aggregator_limit": 1000, "mli_predict_safe": false, "enable_mli_predict_fast_approx": false, "mli_max_surrogate_retries": 5, "mli_mojo_batch_size": 50, "mli_nlp_tokenizer": "tfidf", "mli_nlp_top_n": 20, "mli_nlp_sample_limit": 10000, "mli_nlp_workers": 4, "mli_nlp_min_df": 3, "mli_nlp_max_df": 0.9, "mli_nlp_min_ngram": 1, "mli_nlp_max_ngram": 1, "mli_nlp_min_token_mode": "top", "mli_nlp_tokenizer_max_features": -1, "mli_nlp_loco_max_features": -1, "mli_nlp_surrogate_tokens": 100, "mli_batch_size": 10000, "mli_dt_nthreads": 4, "dump_varimp_every_scored_indiv": false, "dump_modelparams_every_scored_indiv": true, "dump_modelparams_every_scored_indiv_feature_count": 3, "dump_modelparams_separate_files": false, "dump_trans_timings": false, "delete_preview_trans_timings": true, "autodoc_template": "report_template.docx", "autodoc_output_type": "docx", "autodoc_report_name": "report", "autodoc_max_cm_size": 10, "autodoc_coef_table_num_models": 1, "autodoc_coef_table_num_folds": -1, "autodoc_coef_table_num_coef": 50, "autodoc_coef_table_num_classes": 9, "autodoc_coef_table_appendix_results_table": false, "autodoc_min_relative_importance": 0.003, "autodoc_num_features": 50, "autodoc_num_rows": 0, "autodoc_pd_max_runtime": 20, "autodoc_out_of_range": 3, "autodoc_data_summary_col_num": -1, "autodoc_prediction_stats": false, "autodoc_prediction_stats_n_quantiles": 20, "autodoc_population_stability_index": false, "autodoc_population_stability_index_n_quantiles": 10, "autodoc_include_permutation_feature_importance": false, "autodoc_feature_importance_scorer": "", "autodoc_feature_importance_num_perm": 1, "autodoc_response_rate": false, "autodoc_response_rate_n_quantiles": 10, "autodoc_global_klime_num_features": 10, "autodoc_global_klime_num_tables": 1, "autodoc_gini_plot": false, "autodoc_list_all_config_settings": false, "compute_correlation": false, "produce_correlation_heatmap": false, "high_correlation_value_to_report": 0.95, "preview_cache_upon_server_exit": true, "core_site_xml_path": "", "hdfs_config_path": "", "key_tab_path": "", "file_hide_data_directory": true, "file_path_filtering_enabled": false, "file_path_filter_include": [], "hdfs_auth_type": "noauth", "hdfs_app_principal_user": "", "hdfs_app_login_user": "", "hdfs_app_jvm_args": "", "hdfs_app_classpath": "", "hdfs_app_supported_schemes": ["hdfs://", "maprfs://", "swift://"], "hdfs_max_files_listed": 100, "dtap_auth_type": "noauth", "dtap_config_path": "", "dtap_key_tab_path": "", "dtap_app_principal_user": "", "dtap_app_login_user": "", "dtap_app_jvm_args": "", "dtap_app_classpath": "", "aws_role_arn": "", "aws_default_region": "", "aws_s3_endpoint_url": "", "aws_use_ec2_role_credentials": false, "s3_init_path": "s3://", "kdb_hostname": "", "kdb_port": "", "kdb_app_classpath": "", "kdb_app_jvm_args": "", "azure_connection_string": "", "jdbc_app_configs": "{}", "jdbc_app_jvm_args": "-Xmx4g", "jdbc_app_classpath": "", "listeners_experiment_start": "", "listeners_experiment_done": "", "h2o_storage_address": "", "h2o_storage_tls_enabled": true, "h2o_storage_tls_ca_path": "", "h2o_storage_tls_cert_path": "", "h2o_storage_tls_key_path": "", "h2o_storage_internal_default_project_id": "", "deployment_aws_bucket_name": "", "allow_form_autocomplete": true, "enable_projects": true, "enable_custom_recipes": true, "enable_custom_recipes_upload": true, "include_custom_recipes_by_default": false, "app_language": "en", "show_developer_settings": false, "enable_benchmark_each_experiment": false, "datatable_verbose_log": false, "datatable_show_progress": false, "datatable_allow_interruption": false, "datatable_fread_anonymize": true, "datatable_strategy": "auto", "gpu_locking_type": "global", "gpu_lock_data_size": 150000000, "gpu_lock_safety_factor": 3, "gpu_lock_delay": 10.0, "gpu_lock_min_delay": 0.0, "tensorflow_allow_cpu_only": false, "final_vs_ga_progress_factor": 5, "debug": false, "debug_print": false, "debug_print_server": false, "ping_period_debug": 20, "hard_asserts": false, "brain_inconsistent_asserts": false, "check_1_vs_N": false, "check_pred_contribs_sum": true, "enable_funnel": true, "clean_funnel": true, "quiet_funnel": false, "dummy": 0, "debug_ga": false, "debug_indiv": false, "uniquify_indiv": true, "debug_daimodel_level": 0, "debug_pipeline_pickles": false, "brain_food_full": false, "memory_ref": 137438953472, "rows_ref": 2000000, "memory_score_factor_ref": 0.2, "use_dummy_pool": false, "use_dummy_pool_onetask": false, "use_dummy_pool_detect_types": false, "use_dummy_pool_capture_schema": false, "use_dummy_pool_fs": false, "use_dummy_pool_dl2": false, "use_dummy_pool_munging": false, "use_dummy_pool_training": false, "use_dummy_pool_xgb_fit": false, "use_dummy_pool_lgbm_fit": false, "use_dummy_pool_predict": false, "use_dummy_pool_score": false, "use_dummy_pool_final_munging": false, "use_dummy_pool_final_training": false, "use_dummy_pool_final_predict": false, "use_dummy_pool_mojo": false, "use_global_isolation_pool": false, "datatable_is_leaking": true, "stalled_time_nrows_ref": 1000000, "stalled_time_nrowscols_ref": 10000000, "stalled_time_ref": 240.0, "stalled_time_min": 120.0, "stalled_time_kill_ref": 440.0, "stalled_pool_cpu_percent_threshold_kill": 5.0, "stalled_pool_gpu_percent_threshold_kill": 5.0, "cpu_percent_check_period_stalled": 0.3, "cpu_percent_per_experiment_check_period_logging": 0.1, "cpu_gpu_stall_max_count": 10, "cpu_stall_max_factor_interval": 20, "num_cpu_sockets": 1, "autodl_stall_sigusr1": true, "lightgbm_import_stall_trials": 3, "lightgbm_import_stall_timeout": 30, "task_trials": 2, "reap_trials": 3, "stats_trials": 5, "pool_mark": "_", "acquire_mark": "+", "task_sync_mark": "*", "ping_mark": "_ping_", "pool_wait_mark": "|", "pool_submit_mark": "=", "pool_busy_mark": "#", "task_sync_key_length": 6, "xgb_in_subprocess": true, "enable_preview_time_estimate": true, "enable_preview_time_estimate_rough": true, "show_inapplicable_models_preview": false, "show_inapplicable_transformers_preview": false, "xgb_memory_pickled_estimate": false, "debug_h2o4gpu_level": 0, "enable_h2o4gpu_kmeans": false, "enable_h2o4gpu_truncatedsvd": false, "xgboost_direct_datatable": false, "interaction_finder_max_rows_x_cols": 200000.0, "interaction_finder_search_limit": 20, "interaction_finder_return_limit": 5, "interaction_finder_gini_rel_improvement_threshold": 0.5, "interaction_finder_corr_threshold": 0.95, "interaction_finder_max_pairwise_interactions": 100, "enable_bootstrap": true, "min_bootstrap_samples": 1, "max_bootstrap_samples": 100, "min_bootstrap_sample_size_factor": 1.0, "max_bootstrap_sample_size_factor": 10.0, "bootstrap_final_seed": -1, "server_proctitle": "h2oai-DriverlessAI", "server_fork_proctitle": "h2oai-DAI-fork", "server_db_checkpoint_period": 10, "server_wal_mode": true, "server_wal_db_checkpoint_period": 360, "server_timeout_flush_rpc": 10.0, "server_timeout_flush_rpc_min": 10.0, "server_timeout_flush_rpc_max": 120.0, "enable_gpu_usage_in_gui": true, "ping_check_period_memory": 5, "ping_check_period_usage": 5, "ping_check_period_files": 60, "ping_check_server_health": true, "ping_check_period_server_health": 1.0, "ping_check_period_server_exists": 10.0, "ping_check_period_server_health_hard_assert_limit": 60.0, "ping_check_server_health_debug_duration_always_print": false, "ping_check_period_server_health_info_logger": true, "server_health_sigusr1": false, "server_runtime_metrics": false, "ping_check_period": 5, "gpu_small_data_size": 100000, "max_rows_tuning": 1000, "benford_mad_threshold_int": 0.03, "benford_mad_threshold_real": 0.1, "stop_early_rel_std": 0.1, "stop_early_abs_std": 0.001, "varimp_threshold_at_interpretability_10": 0.05, "lowest_nonzero_varimp": 1e-30, "features_allowed_by_interpretability": "{1: 10000000, 2: 10000, 3: 1000, 4: 500, 5: 300, 6: 200, 7: 150, 8: 100, 9: 80, 10: 50, 11: 50, 12: 50, 13: 50}", "nfeatures_max_threshold": 200, "rdelta_percent_score_penalty_per_feature_by_interpretability": "{1: 0.0, 2: 0.1, 3: 1.0, 4: 2.0, 5: 5.0, 6: 10.0, 7: 20.0, 8: 30.0, 9: 50.0, 10: 100.0, 11: 100.0, 12: 100.0, 13: 100.0}", "drop_low_meta_weights": true, "meta_weight_allowed_by_interpretability": "{1: 1E-7, 2: 1E-5, 3: 1E-4, 4: 1E-3, 5: 1E-2, 6: 0.03, 7: 0.05, 8: 0.08, 9: 0.10, 10: 0.15, 11: 0.15, 12: 0.15, 13: 0.15}", "feature_cost_mean_interp_for_penalty": 5, "features_cost_per_interp": 0.25, "varimp_threshold_shift_report": 0.3, "apply_featuregene_limits_after_tuning": true, "remove_scored_0gain_genes_in_postprocessing_above_interpretability": 13, "remove_scored_0gain_genes_in_postprocessing_above_interpretability_final_population": 2, "remove_scored_by_threshold_genes_in_postprocessing_above_interpretability_final_population": 7, "merge_dup_raw_features": true, "fs_interpretabilty_switch": 6, "fs_prune_by_genes": false, "varimp_fspermute_factor": 1.0, "ngenes_min": -1, "nfeatures_min": -1, "features_per_gene": 1, "nfeatures_max_factor": 1.0, "use_unit_pool_protection": true, "always_use_unit_pool_protection": false, "trigger_subprocess_catch_rows_times_columns": 10000000, "strict_gpu_non_overlap": false, "round_up_indivs_for_busy_gpus": true, "terminate_train_backend_tuning": true, "terminate_train_tuning": true, "terminate_train_feature_evolution": true, "reduce_by_genes": false, "keep_fraction_default": 1.0, "reduce_randomly": false, "reduce_by_fraction": 0.1, "reduce_count_max": 10, "preserve_oom_reduced_features": true, "preserve_varimp_reduced_features": false, "preserve_varimp_reduced_features_for_rescored": true, "preserve_reduced_features_for_final_model": true, "mutation_rate": -1, "extra_mutation_level": -1, "tuning_share_varimp_accuracy_switch": 5, "tuning_share_varimp": "best", "fresh_indiv_accuracy_switch": 7, "enable_tensorflow_import": true, "detailed_tensorflow_import_error": false, "enable_lightgbm_import": true, "check_clinfo_timeout": 30, "check_java_timeout": 30, "prob_add_genes": 0.5, "prob_addbest_genes": 0.5, "prob_prune_genes": 0.5, "prob_perturb_xgb": 0.25, "prob_prune_by_features": 0.25, "perturb_xgb_depth_random": false, "perturb_xgb_depth_min": 3, "perturb_xgb_depth_max": 10, "explore_more_unused_genes": true, "explore_gene_anneal": true, "explore_prob0": 0.5, "explore_anneal_factor": 0.9, "explore_prob_lowest": 0.1, "explore_grow_anneal": true, "grow_prob0": 0.8, "grow_anneal_factor": 0.5, "grow_prob_lowest": 0.05, "grow_proboff": 0.5, "prob_tune_model_vs_features": 0.5, "max_absolute_feature_expansion": 1000, "explore_model_anneal": true, "explore_model_prob0": 0.5, "explore_model_anneal_factor": 0.9, "explore_model_prob_lowest": 0.1, "xgboost_interpretability_switch": 10, "xgboost_accuracy_switch": 1, "booster_for_fs_permute": "lightgbm", "model_class_name_for_fs_permute": "LightGBMModel", "default_booster": "lightgbm", "default_model_class_name": "LightGBMModel", "threshold_data_size_large_to_use_cpu_for_fs": 100000000, "lightgbm_interpretability_switch": 10, "lightgbm_accuracy_switch": 1, "decision_tree_interpretability_switch": 7, "decision_tree_accuracy_switch": 7, "tensorflow_interpretability_switch": 6, "tensorflow_accuracy_switch": 5, "tensorflow_num_classes_switch": 10, "tensorflow_num_classes_switch_but_keep_lightgbm": 15, "textlin_num_classes_switch": 5, "text_gene_dim_reduction_choices": [50], "text_gene_max_ngram": [1, 2, 3], "glm_do_lambda_search": true, "glm_do_lambda_search_by_eval_metric": false, "glm_lambda_early_stopping_rounds": 4, "gbm_early_stopping_rounds_min": 1, "glm_optimal_refit": true, "glm_interpretability_switch": 6, "glm_accuracy_switch": 5, "fixup_nanpreds": true, "fixup_infX": true, "rulefit_interpretability_switch": 1, "rulefit_accuracy_switch": 8, "enable_cache_final_pipeline": false, "top_pid": -1, "golden_fatal": false, "notification_url": "https://s3.amazonaws.com/ai.h2o.notifications/dai_notifications_prod.json", "ping_run_type": "fork", "lock_logs": true, "max_num_varimp_to_log": 10, "max_num_varimp_shift_to_log": 10, "lock_logs_server": false, "debug_feature_cache_files": false, "debug_final_feature_cache_files": false, "generate_fresh_logger_every_log": true, "final_munging_memory_reduction_factor": 2, "munging_memory_overhead_factor": 5, "munging_memory_available": 0, "munging_max_workers_verbose": false, "prob_segfault_ga_pipeline": 0.0, "prob_segfault_ga_model": 0.0, "prob_segfault_final_pipeline": 0.0, "prob_segfault_final_model": 0.0, "prob_segfault_lightgbm": 0.0, "prob_segfault_xgboost": 0.0, "prob_segfault_gblinear": 0.0, "prob_segfault_tensorflow": 0.0, "prob_segfault_rulefit": 0.0, "prob_stall_ga_pipeline": 0.0, "prob_stall_fitmodel": 0.0, "prob_stall_final_pipeline": 0.0, "prob_stall_kill_ga_pipeline": 0.0, "prob_stall_kill_fitmodel": 0.0, "prob_stall_kill_final_pipeline": 0.0, "prob_finish_early": 0.0, "prob_abort_early": 0.0, "stall_subprocess_submission_cpu_threshold_pct": 100, "stall_subprocess_submission_dai_fork_threshold_pct": -1.0, "stall_subprocess_submission_experiment_fork_threshold_pct": -1.0, "stall_by_memory": true, "stall_by_cores": true, "stall_by_disk": true, "restrict_initpool_by_memory": true, "restrict_initpool_by_cores": false, "base_fork_count": 2, "experiment_nice_level": 100, "random_control": false, "dill_for_model": false, "gzip_for_model": true, "bzip_for_model": false, "compression_level_for_model": 5, "check_nvidia_smi_during_experiment": false, "small_pool_sleeptouse": 0.005, "large_pool_sleeptouse": 0.01, "onetask_sleeptouse": 0.01, "onetask_fast_sleeptouse": 0.0001, "pool_default_sleeptouse": 0.001, "trace_detect_types": false, "trace_fit_transform": false, "trace_final_fit_transform": false, "trace_final_transform": false, "terminate_experiment_if_server_lost": false, "show_all_filesystems": false, "use_uuids": true, "resumed_experiment_id": "", "experiment_id": "e3dedfd8-6bdc-11ea-bc2c-0242ac110003", "experiment_tmp_dir": "./tmp/h2oai_experiment_e3dedfd8-6bdc-11ea-bc2c-0242ac110003", "reproducible": false, "fast_import": false, "server_recipe_url": "", "num_rows_acceptance_test_custom_transformer": 200, "num_rows_acceptance_test_custom_model": 100, "recipe_dict": {}, "enable_custom_transformers": true, "enable_custom_models": true, "enable_custom_scorers": true, "enable_custom_datas": true, "recipe_load_raise_on_first_error": false, "recipe_load_raise_on_first_error_but_keep_accepted_recipes": false, "recipe_load_raise_on_any_error": true, "version_old_custom": false, "version_old_custom_by_filename": false, "write_recipes_to_experiment_folder": true, "write_recipes_to_experiment_logger": false, "contrib_relative_directory": "contrib", "contrib_env_relative_directory": "contrib/env", "pip_install_overall_retries": 2, "pip_install_verbosity": 2, "pip_install_timeout": 15, "pip_install_retries": 5, "pip_install_options": "", "enable_basic_acceptance_tests": true, "enable_acceptance_tests": true, "acceptance_test_timeout": 20.0, "acceptance_tests_max_number_of_parameter_combinations": 20, "contrib_reload_and_recheck_server_start": false, "recipe_test_import_after_load_package": false, "data_recipe_preview_num_rows": 20, "debug_custom": false, "allow_any_call_to_skip_failures": true, "skip_transformer_failures": true, "skip_model_failures": true, "detailed_skip_failure_messages_level": 1, "config_overrides": "", "protect_base_env": false, "check_cuda_context_testing": false, "test_scoring_simple": true, "enable_dataset_downloading": true, "extra_http_headers": {}, "audit_log_retention_period": 5, "enable_advanced_features_experiment": false, "enable_artifacts_upload": false, "artifacts_store": "file_system", "artifacts_file_system_directory": "tmp", "enable_imputation": false}, "config_num_gpus_per_experiment_backup": -1, "config_num_gpus_per_model_backup": 1, "config_overrides": "vis_server_port = 12346\nprocsy_port = 12347\nh2o_port = 12348\nmaster_redis_password = \"t1Oi8w3coZczF50428ABc6XCCsBvlU3O\"\ndata_directory = \"./tmp\"\nauthentication_method = \"local\"\nlocal_htpasswd_file = \"/config/htpasswd\"\nincluded_transformers = [ \"CVCatNumEncodeTransformer\", \"CVTargetEncodeTransformer\", \"CatOriginalTransformer\", \"CatTransformer\", \"ClusterDistTransformer\", \"ClusterTETransformer\", \"DateOriginalTransformer\", \"DateTimeOriginalTransformer\", \"DatesTransformer\", \"EwmaLagsTransformer\", \"FrequentTransformer\", \"InteractionsTransformer\", \"IsHolidayTransformer\", \"IsolationForestAnomalyNumCatAllColsTransformer\", \"IsolationForestAnomalyNumCatTransformer\", \"IsolationForestAnomalyNumericTransformer\", \"LagsAggregatesTransformer\", \"LagsInteractionTransformer\", \"LagsTransformer\", \"LexiLabelEncoderTransformer\", \"NumCatTETransformer\", \"NumToCatTETransformer\", \"NumToCatWoEMonotonicTransformer\", \"NumToCatWoETransformer\", \"OneHotEncodingTransformer\", \"OriginalTransformer\", \"RawTransformer\", \"TextBiGRUTransformer\", \"TextCNNTransformer\", \"TextCharCNNTransformer\", \"TextLinModelTransformer\", \"TextTransformer\", \"TruncSVDNumTransformer\", \"WeightOfEvidenceTransformer\",]\nincluded_models = [ \"CONSTANT\", \"DECISIONTREE\", \"FTRL\", \"GLM\", \"IMBALANCEDLIGHTGBM\", \"IMBALANCEDXGBOOSTGBM\", \"LIGHTGBM\", \"RULEFIT\", \"TENSORFLOW\", \"XGBOOSTDART\", \"XGBOOSTGBM\",]\nincluded_scorers = [ \"ACCURACY\", \"AUC\", \"AUCPR\", \"F05\", \"F1\", \"F2\", \"GINI\", \"LOGLOSS\", \"MACROAUC\", \"MAE\", \"MAPE\", \"MCC\", \"MER\", \"MSE\", \"R2\", \"RMSE\", \"RMSLE\", \"RMSPE\", \"SMAPE\",]\nn_estimators_list_no_early_stopping = \"50,100,200,300\"\noverride_lag_sizes = \"\"\nprob_lag_non_targets = 0.1\nprob_default_lags = 0.2\nprob_lagsinteraction = 0.2\nprob_lagsaggregates = 0.2\ntop_pid = -1\nrecipe_load_raise_on_any_error = true\ncontrib_reload_and_recheck_server_start = false\n\n[params_tensorflow]\n", "config_overrides_pickle_path": "/opt/h2oai/dai/tmp/h2oai_experiment_e3dedfd8-6bdc-11ea-bc2c-0242ac110003/config_overrides.pickle", "config_toml_experiment": "allow_config_overrides_in_expert_page = true\nuser_config_directory = \"\"\nvis_server_ip = \"127.0.0.1\"\nvis_server_port = 12346\nprocsy_ip = \"127.0.0.1\"\nprocsy_port = 12347\nh2o_ip = \"127.0.0.1\"\nh2o_port = 12348\nenable_h2o_recipes = true\nh2o_recipes_url = \"None\"\nh2o_recipes_ip = \"None\"\nh2o_recipes_port = 50341\nh2o_recipes_name = \"None\"\nh2o_recipes_nthreads = 4\nh2o_recipes_log_level = \"None\"\nh2o_recipes_max_mem_size = \"None\"\nh2o_recipes_min_mem_size = \"None\"\nip = \"127.0.0.1\"\nport = 12345\nport_range = []\nmax_file_upload_size = 104857600000\nlog_level = 1\ncollect_server_logs_in_experiment_logs = false\nredis_ip = \"127.0.0.1\"\nredis_port = 6379\nenable_https = false\nssl_key_file = \"/etc/dai/private_key.pem\"\nssl_crt_file = \"/etc/dai/cert.pem\"\nssl_no_sslv2 = true\nssl_no_sslv3 = true\nssl_no_tlsv1 = true\nssl_no_tlsv1_1 = true\nssl_no_tlsv1_2 = false\nssl_no_tlsv1_3 = false\nssl_client_verify_mode = \"CERT_NONE\"\nssl_ca_file = \"\"\nssl_client_key_file = \"\"\nssl_client_crt_file = \"\"\ndata_directory = \"./tmp\"\ndata_upload_directory = \"uploads\"\nrecipes_temporary_data_directory = \"recipe_tmp\"\nenable_quick_benchmark = true\nenable_extended_benchmark = false\nextended_benchmark_scale_num_rows = 0.1\nenable_startup_checks = true\nusage_stats_opt_in = false\nauthentication_method = \"local\"\nauthentication_default_timeout_hours = 72\nauth_openid_provider_base_uri = \"\"\nauth_openid_configuration_uri = \"\"\nauth_openid_auth_uri = \"\"\nauth_openid_token_uri = \"\"\nauth_openid_userinfo_uri = \"\"\nauth_openid_logout_uri = \"\"\nauth_openid_redirect_uri = \"\"\nauth_openid_grant_type = \"\"\nauth_openid_response_type = \"\"\nauth_openid_scope = \"\"\nauth_openid_urlencode_quote_via = \"quote\"\nauth_openid_access_token_expiry_key = \"expires_in\"\nauth_openid_refresh_token_expiry_key = \"refresh_expires_in\"\nauth_openid_token_expiration_secs = 3600\nauth_openid_use_objectpath_match = false\nauth_openid_use_objectpath_expression = \"\"\nldap_server = \"\"\nldap_port = \"\"\nldap_bind_dn = \"\"\nldap_tls_file = \"\"\nldap_use_ssl = false\nldap_search_base = \"\"\nldap_search_filter = \"\"\nldap_search_attributes = \"\"\nldap_user_name_attribute = \"\"\nldap_recipe = \"0\"\nldap_user_prefix = \"\"\nldap_search_user_id = \"\"\nldap_search_password = \"\"\nldap_ou_dn = \"\"\nldap_dc = \"\"\nldap_base_dn = \"\"\nldap_base_filter = \"\"\nauth_tls_crl_file = \"\"\nauth_tls_subject_field = \"CN\"\nauth_tls_field_parse_regexp = \"(?P<username>.*)\"\nauth_tls_user_lookup = \"REGEXP_ONLY\"\nauth_tls_ldap_authorization_lookup_filter = \"\"\nauth_tls_ldap_authorization_search_base = \"\"\nsupported_file_types = [ \"csv\", \"tsv\", \"txt\", \"dat\", \"tgz\", \"gz\", \"bz2\", \"zip\", \"xz\", \"xls\", \"xlsx\", \"jay\", \"feather\", \"bin\", \"arff\", \"parquet\", \"pkl\",]\nrecipe_supported_file_types = [ \"py\", \"pyc\",]\nlist_files_without_extensions = false\nenabled_file_systems = [ \"upload\", \"file\", \"hdfs\", \"s3\", \"recipe_file\", \"recipe_url\",]\nmax_files_listed = 100\nmaster_minio_address = \"<URL>:<PORT>\"\nallow_localstorage = true\nallow_orig_cols_in_predictions = true\nmax_runtime_minutes = 1440\nmax_runtime_minutes_until_abort = 10080\nrecipe = \"auto\"\nfeature_engineering_effort = 5\ncheck_distribution_shift = \"auto\"\ncheck_distribution_shift_drop = \"auto\"\ndrop_features_distribution_shift_threshold_auc = 0.999\ncheck_leakage = \"auto\"\ndrop_features_leakage_threshold_auc = 0.999\nleakage_max_data_size = 10000000\nmake_python_scoring_pipeline = \"auto\"\nmake_mojo_scoring_pipeline = \"auto\"\nbenchmark_mojo_latency = \"auto\"\nbenchmark_mojo_latency_auto_size_limit = 100\nmojo_building_timeout = 1800.0\nmojo_building_parallelism = -1\nmake_pipeline_visualization = \"auto\"\nmake_autoreport = true\nmax_cores = 0\nmax_cores_dai = -1\nstall_subprocess_submission_dai_fork_threshold_count = 0\nstall_subprocess_submission_mem_threshold_pct = 2\nmax_cores_by_physical = true\nmax_cores_limit = 100\nmax_fit_cores = 10\nmax_predict_cores = 0\nmax_predict_cores_in_dai = 4\nbatch_cpu_tuning_max_workers = 0\ncpu_max_workers = 0\nnum_gpus_per_experiment = -1\nmin_num_cores_per_gpu = 2\nnum_gpus_per_model = 1\nnum_gpus_for_prediction = 0\nassumed_simultaneous_dt_forks_munging = 3\nassumed_simultaneous_dt_forks_stats_openblas = 3\nmax_max_dt_threads_munging = 4\nmax_max_dt_threads_stats_openblas = 4\nmax_max_dt_threads_readwrite = 4\nmin_dt_threads_munging = 1\nmin_dt_threads_final_munging = 1\nmax_dt_threads_munging = -1\nmax_dt_threads_readwrite = -1\nmax_dt_threads_stats_openblas = -1\nmax_dt_threads_do_timeseries_split_suggestion = 1\nmunging_report_period = 10\nworking_munging_report_period = 120\ntraining_report_period = 10\nworking_training_report_period = 60\ngpu_id_start = 0\nmax_workers = 1\nping_period = 60\nping_sleep_period = 1\ndisk_limit_gb = 5\nstall_disk_limit_gb = 1\nmemory_limit_gb = 5\nmin_num_rows = 100\nmin_rows_per_class = 5\nmin_rows_per_split = 5\ndata_precision = \"float32\"\ntransformer_precision = \"float32\"\nulimit_up_to_hard_limit = true\nlimit_nofile = 65535\nlimit_nproc = 16384\nreproducibility_level = 1\nseed = 1234\nmissing_values = [ \"\", \"?\", \"None\", \"nan\", \"NA\", \"N/A\", \"unknown\", \"inf\", \"-inf\", \"1.7976931348623157e+308\", \"-1.7976931348623157e+308\",]\ntf_nan_impute_value = -5\nstatistical_threshold_data_size_small = 100000\nstatistical_threshold_data_size_large = 500000000\naux_threshold_data_size_large = 10000000\nperformance_threshold_data_size_small = 100000\nperformance_threshold_data_size_large = 100000000\nmax_cols = 10000\nmax_rows_col_stats = 1000000\norig_features_fs_report = false\nmax_rows_fs = 1000000\nmax_workers_fs = 0\nmax_orig_cols_selected = 10000\nmax_orig_numeric_cols_selected = 10000\nmax_orig_nonnumeric_cols_selected = 300\nmax_orig_cols_selected_simple_factor = 2\nfs_orig_cols_selected = 500\nfs_orig_numeric_cols_selected = 500\nfs_orig_nonnumeric_cols_selected = 200\nfs_orig_cols_selected_simple_factor = 2\nmax_relative_cardinality = 0.95\nmax_absolute_cardinality = 1000000\nnum_as_cat = true\nmax_int_as_cat_uniques = 50\nnum_folds = 3\nallow_different_classes_across_fold_splits = true\nfull_cv_accuracy_switch = 8\nensemble_accuracy_switch = 5\nnum_ensemble_folds = 5\nfold_reps = 1\nmax_num_classes = 200\nnum_actuals_vs_predicted = 100\nfeature_brain_level = 2\nbrain_maximum_diff_score = 0.1\nmax_num_brain_indivs = 3\nfeature_brain_save_every_iteration = 0\nwhich_iteration_brain = -1\nrefit_same_best_individual = false\nbrain_rel_dir = \"H2O.ai_brain\"\nbrain_max_size_GB = 20\nbrain_add_features_for_new_columns = true\nearly_stopping = true\nearly_stopping_per_individual = true\nmin_dai_iterations = 0\nnfeatures_max = -1\nngenes_max = -1\nlimit_features_by_interpretability = true\ntensorflow_max_epochs_nlp = 2\nenable_tensorflow_nlp_accuracy_switch = 5\nenable_tensorflow_textcnn = \"auto\"\nenable_tensorflow_textbigru = \"auto\"\nenable_tensorflow_charcnn = \"auto\"\ntensorflow_nlp_pretrained_embeddings_file_path = \"\"\ntensorflow_nlp_pretrained_embeddings_trainable = false\ntensorflow_nlp_have_gpus_in_production = false\ntext_fraction_for_text_dominated_problem = 0.3\ntext_transformer_fraction_for_text_dominated_problem = 0.3\nstring_col_as_text_threshold = 0.3\nstring_col_as_text_min_relative_cardinality = 0.1\nstring_col_as_text_min_absolute_cardinality = 100\nmonotonicity_constraints_interpretability_switch = 7\nmonotonicity_constraints_correlation_threshold = 0.1\ndefault_max_feature_interaction_depth = 8\nmax_feature_interaction_depth = -1\nfixed_feature_interaction_depth = 0\nfixed_feature_interaction_depth_numcat_cat = 0\nfixed_feature_interaction_depth_many_inputs_generates_not_useful = 0\ntune_parameters_accuracy_switch = 3\ntune_target_transform_accuracy_switch = 3\ntarget_transformer = \"auto\"\ntournament_style = \"auto\"\ntournament_uniform_style_interpretability_switch = 6\ntournament_uniform_style_accuracy_switch = 6\ntournament_model_style_accuracy_switch = 6\ntournament_feature_style_accuracy_switch = 7\ntournament_fullstack_style_accuracy_switch = 8\ntournament_use_feature_penalized_score = true\nnum_individuals = 2\nfixed_num_individuals = 0\nfixed_fold_reps = 0\nfixed_only_first_fold_model = false\nsanitize_natural_sort_limit = 1000\nenable_target_encoding = \"auto\"\nenable_lexilabel_encoding = \"off\"\nenable_isolation_forest = \"off\"\nenable_one_hot_encoding = \"auto\"\nisolation_forest_nestimators = 200\nincluded_transformers = [ \"CVCatNumEncodeTransformer\", \"CVTargetEncodeTransformer\", \"CatOriginalTransformer\", \"CatTransformer\", \"ClusterDistTransformer\", \"ClusterTETransformer\", \"DateOriginalTransformer\", \"DateTimeOriginalTransformer\", \"DatesTransformer\", \"EwmaLagsTransformer\", \"FrequentTransformer\", \"InteractionsTransformer\", \"IsHolidayTransformer\", \"IsolationForestAnomalyNumCatAllColsTransformer\", \"IsolationForestAnomalyNumCatTransformer\", \"IsolationForestAnomalyNumericTransformer\", \"LagsAggregatesTransformer\", \"LagsInteractionTransformer\", \"LagsTransformer\", \"LexiLabelEncoderTransformer\", \"NumCatTETransformer\", \"NumToCatTETransformer\", \"NumToCatWoEMonotonicTransformer\", \"NumToCatWoETransformer\", \"OneHotEncodingTransformer\", \"OriginalTransformer\", \"RawTransformer\", \"TextBiGRUTransformer\", \"TextCNNTransformer\", \"TextCharCNNTransformer\", \"TextLinModelTransformer\", \"TextTransformer\", \"TruncSVDNumTransformer\", \"WeightOfEvidenceTransformer\",]\nexcluded_transformers = []\nincluded_genes = []\nexcluded_genes = []\nincluded_models = [ \"CONSTANT\", \"DECISIONTREE\", \"FTRL\", \"GLM\", \"IMBALANCEDLIGHTGBM\", \"IMBALANCEDXGBOOSTGBM\", \"LIGHTGBM\", \"RULEFIT\", \"TENSORFLOW\", \"XGBOOSTDART\", \"XGBOOSTGBM\",]\nexcluded_models = []\nincluded_scorers = [ \"ACCURACY\", \"AUC\", \"AUCPR\", \"F05\", \"F1\", \"F2\", \"GINI\", \"LOGLOSS\", \"MACROAUC\", \"MAE\", \"MAPE\", \"MCC\", \"MER\", \"MSE\", \"R2\", \"RMSE\", \"RMSLE\", \"RMSPE\", \"SMAPE\",]\nexcluded_scorers = []\nenable_xgboost_gbm = \"auto\"\nenable_xgboost_dart = \"auto\"\nxgboost_threshold_data_size_large = 100000000\nxgboost_gpu_threshold_data_size_large = 30000000\nenable_glm = \"auto\"\nenable_decision_tree = \"auto\"\nenable_lightgbm = \"auto\"\nenable_tensorflow = \"auto\"\nenable_ftrl = \"auto\"\nenable_rulefit = \"auto\"\nenable_lightgbm_boosting_types = [ \"gbdt\",]\nenable_lightgbm_cat_support = false\nenable_constant_model = \"auto\"\nshow_constant_model = false\ndrop_constant_model_final_ensemble = true\nparams_tune_grow_policy_simple_trees = true\nmax_nestimators = 3000\nn_estimators_list_no_early_stopping = \"50,100,200,300\"\nmin_learning_rate_final = 0.01\nmax_learning_rate_final = 0.05\nmax_nestimators_feature_evolution_factor = 0.2\nmin_learning_rate = 0.05\nmax_learning_rate = 0.5\nmax_epochs = 10\nmax_max_depth = 12\ndefault_max_bin = 256\ndefault_lightgbm_max_bin = 64\nmax_max_bin = 256\nmin_max_bin = 32\nscale_mem_for_max_bin = 10737418240\nfactor_rf = 1.25\ntensorflow_use_all_cores = true\ntensorflow_use_all_cores_even_if_reproducible_true = false\ntensorflow_cores = 0\nrulefit_max_num_rules = -1\nrulefit_max_tree_depth = 6\nrulefit_max_num_trees = 100\nrulefit_threshold_data_size_large = 100000000\none_hot_encoding_cardinality_threshold = 50\none_hot_encoding_cardinality_limiter = true\nfixed_ensemble_level = -1\ncross_validate_single_final_model = true\nparameter_tuning_num_models = -1\nvalidate_meta_learner = false\nfixed_num_folds_evolution = -1\nfixed_num_folds = -1\nnum_fold_ids_show = 10\nfeature_evolution_data_size = 100000000\nfinal_pipeline_data_size = 500000000\nmax_validation_to_training_size_ratio_for_final_ensemble = 2.0\nforce_stratified_splits_for_imbalanced_threshold_binary = 0.01\nimbalance_sampling_method = \"off\"\nimbalance_ratio_sampling_threshold = 5\nheavy_imbalance_ratio_sampling_threshold = 25\nimbalance_sampling_number_of_bags = -1\nimbalance_sampling_max_number_of_bags = 10\nimbalance_sampling_max_number_of_bags_feature_evolution = 3\nimbalance_sampling_max_multiple_data_size = 1.0\nimbalance_sampling_rank_averaging = \"auto\"\nimbalance_sampling_target_minority_fraction = -1.0\nimbalance_ratio_notification_threshold = 2.0\nnbins_ftrl_list = [ 1000000, 10000000, 100000000,]\nftrl_max_interaction_terms_per_degree = 10000\nte_bin_list = [ 25, 10, 100, 250,]\nwoe_bin_list = [ 25, 10, 100, 250,]\nohe_bin_list = [ 10, 25, 50, 75, 100,]\ndrop_constant_columns = true\ndrop_id_columns = true\nno_drop_features = false\ncols_to_drop = \"\"\ncols_to_group_by = \"\"\nsample_cols_to_group_by = false\nagg_funcs_for_group_by = [ \"mean\", \"sd\", \"min\", \"max\", \"count\",]\nfolds_for_group_by = 5\nmutation_mode = \"sample\"\nshift_check_text = false\nuse_rf_for_shift_if_have_lgbm = true\nshift_key_features_varimp = 0.01\nshift_check_reduced_features = true\nshift_trees = 100\nshift_max_bin = 256\nshift_min_max_depth = 4\nshift_max_max_depth = 8\ndetect_features_distribution_shift_threshold_auc = 0.55\ndrop_features_distribution_shift_min_features = 1\nleakage_check_text = true\nleakage_key_features_varimp = 0.001\nleakage_key_features_varimp_if_no_early_stopping = 0.05\nleakage_check_reduced_features = true\nuse_rf_for_leakage_if_have_lgbm = true\nleakage_trees = 100\nleakage_max_bin = 256\nleakage_min_max_depth = 4\nleakage_max_max_depth = 8\ndetect_features_leakage_threshold_auc = 0.95\ndetect_features_per_feature_leakage_threshold_auc = 0.8\ndrop_features_leakage_min_features = 1\nleakage_train_test_split = 0.25\ndetailed_traces = false\ndebug_log = false\nlog_system_info_per_experiment = true\nmax_debug_description_length = 1000\nabs_tol_for_perfect_score = 0.0001\ndata_ingest_timeout = 86400.0\ntime_series_recipe = true\ntime_series_validation_fold_split_datetime_boundaries = \"\"\ntimeseries_split_suggestion_timeout = 30.0\nuse_lags_if_not_time_series_recipe = false\nmin_ymd_timestamp = 19000101\nmax_ymd_timestamp = 21000101\nmax_rows_datetime_format_detection = 100000\nholiday_features = true\nholiday_country = \"US\"\nmax_time_series_properties_sample_size = 250000\nmax_lag_sizes = -1\nmin_lag_autocorrelation = 0.1\nmax_signal_lag_sizes = 100\nsample_lag_sizes = false\nmax_sampled_lag_sizes = 10\noverride_lag_sizes = \"\"\nmin_lag_size = -1\nallow_time_column_as_feature = true\nallow_time_column_as_numeric_feature = false\ndatetime_funcs = [ \"year\", \"quarter\", \"month\", \"week\", \"weekday\", \"day\", \"dayofyear\", \"hour\", \"minute\", \"second\",]\nallow_tgc_as_features = false\nallowed_coltypes_for_tgc_as_features = [ \"numeric\", \"categorical\", \"ohe_categorical\", \"datetime\", \"date\", \"text\",]\nenable_time_unaware_transformers = \"auto\"\ntgc_only_use_all_groups = true\ntime_series_holdout_preds = true\ntime_series_validation_splits = -1\ntime_series_splits_max_overlap = 0.5\ntime_series_max_holdout_splits = -1\nmli_ts_fast_approx = false\nmli_ts_fast_approx_contribs = true\nmli_ts_holdout_contribs = true\ntime_series_min_interpretability = 5\nlags_dropout = \"dependent\"\nprob_lag_non_targets = 0.1\nrolling_test_method = \"tta\"\nprob_default_lags = 0.2\nprob_lagsinteraction = 0.2\nprob_lagsaggregates = 0.2\ntgc_via_ui_max_ncols = 10\ntgc_dup_tolerance = 0.01\nmli_use_mojo_pipeline = false\nmli_sample_above_for_scoring = 1000000\nmli_sample_above_for_training = 100000\nmli_sample_size = 100000\nmli_num_quantiles = 10\nmli_drf_num_trees = 100\nmli_fast_approx = true\nfast_approx_num_trees = 50\nfast_approx_do_one_fold_one_model = true\nmli_drf_max_depth = 20\nmli_sample_training = true\nklime_lambda = [ 1e-6, 1e-8,]\nklime_alpha = 0.0\nmli_max_numeric_enum_cardinality = 25\nmli_max_number_cluster_vars = 6\nuse_all_columns_klime_kmeans = false\nmli_strict_version_check = true\nmli_cloud_name = \"\"\nmli_ice_per_bin_strategy = false\nmli_dia_default_max_cardinality = 10\nenable_mli_sa = true\nmli_dia_sample_size = 100000\nmli_pd_sample_size = 100000\nenable_mli_async_api = true\nenable_mli_sa_main_chart_aggregator = true\nmli_sa_sampling_limit = 500000\nmli_sa_main_chart_aggregator_limit = 1000\nmli_predict_safe = false\nenable_mli_predict_fast_approx = false\nmli_max_surrogate_retries = 5\nmli_mojo_batch_size = 50\nmli_nlp_tokenizer = \"tfidf\"\nmli_nlp_top_n = 20\nmli_nlp_sample_limit = 10000\nmli_nlp_workers = 4\nmli_nlp_min_df = 3\nmli_nlp_max_df = 0.9\nmli_nlp_min_ngram = 1\nmli_nlp_max_ngram = 1\nmli_nlp_min_token_mode = \"top\"\nmli_nlp_tokenizer_max_features = -1\nmli_nlp_loco_max_features = -1\nmli_nlp_surrogate_tokens = 100\nmli_batch_size = 10000\nmli_dt_nthreads = 4\ndump_varimp_every_scored_indiv = false\ndump_modelparams_every_scored_indiv = true\ndump_modelparams_every_scored_indiv_feature_count = 3\ndump_modelparams_separate_files = false\ndump_trans_timings = false\ndelete_preview_trans_timings = true\nautodoc_template = \"report_template.docx\"\nautodoc_output_type = \"docx\"\nautodoc_report_name = \"report\"\nautodoc_max_cm_size = 10\nautodoc_coef_table_num_models = 1\nautodoc_coef_table_num_folds = -1\nautodoc_coef_table_num_coef = 50\nautodoc_coef_table_num_classes = 9\nautodoc_coef_table_appendix_results_table = false\nautodoc_min_relative_importance = 0.003\nautodoc_num_features = 50\nautodoc_num_rows = 0\nautodoc_pd_max_runtime = 20\nautodoc_out_of_range = 3\nautodoc_data_summary_col_num = -1\nautodoc_prediction_stats = false\nautodoc_prediction_stats_n_quantiles = 20\nautodoc_population_stability_index = false\nautodoc_population_stability_index_n_quantiles = 10\nautodoc_include_permutation_feature_importance = false\nautodoc_feature_importance_scorer = \"\"\nautodoc_feature_importance_num_perm = 1\nautodoc_response_rate = false\nautodoc_response_rate_n_quantiles = 10\nautodoc_global_klime_num_features = 10\nautodoc_global_klime_num_tables = 1\nautodoc_gini_plot = false\nautodoc_list_all_config_settings = false\ncompute_correlation = false\nproduce_correlation_heatmap = false\nhigh_correlation_value_to_report = 0.95\npreview_cache_upon_server_exit = true\ncore_site_xml_path = \"\"\nhdfs_config_path = \"\"\nkey_tab_path = \"\"\nfile_hide_data_directory = true\nfile_path_filtering_enabled = false\nfile_path_filter_include = []\nhdfs_auth_type = \"noauth\"\nhdfs_app_principal_user = \"\"\nhdfs_app_login_user = \"\"\nhdfs_app_jvm_args = \"\"\nhdfs_app_classpath = \"\"\nhdfs_app_supported_schemes = [ \"hdfs://\", \"maprfs://\", \"swift://\",]\nhdfs_max_files_listed = 100\ndtap_auth_type = \"noauth\"\ndtap_config_path = \"\"\ndtap_key_tab_path = \"\"\ndtap_app_principal_user = \"\"\ndtap_app_login_user = \"\"\ndtap_app_jvm_args = \"\"\ndtap_app_classpath = \"\"\naws_role_arn = \"\"\naws_default_region = \"\"\naws_s3_endpoint_url = \"\"\naws_use_ec2_role_credentials = false\ns3_init_path = \"s3://\"\nkdb_hostname = \"\"\nkdb_port = \"\"\nkdb_app_classpath = \"\"\nkdb_app_jvm_args = \"\"\nazure_connection_string = \"\"\njdbc_app_configs = \"{}\"\njdbc_app_jvm_args = \"-Xmx4g\"\njdbc_app_classpath = \"\"\nlisteners_experiment_start = \"\"\nlisteners_experiment_done = \"\"\nh2o_storage_address = \"\"\nh2o_storage_tls_enabled = true\nh2o_storage_tls_ca_path = \"\"\nh2o_storage_tls_cert_path = \"\"\nh2o_storage_tls_key_path = \"\"\nh2o_storage_internal_default_project_id = \"\"\ndeployment_aws_bucket_name = \"\"\nallow_form_autocomplete = true\nenable_projects = true\nenable_custom_recipes = true\nenable_custom_recipes_upload = true\ninclude_custom_recipes_by_default = false\napp_language = \"en\"\nshow_developer_settings = false\nenable_benchmark_each_experiment = false\ndatatable_verbose_log = false\ndatatable_show_progress = false\ndatatable_allow_interruption = false\ndatatable_fread_anonymize = true\ndatatable_strategy = \"auto\"\ngpu_locking_type = \"global\"\ngpu_lock_data_size = 150000000\ngpu_lock_safety_factor = 3\ngpu_lock_delay = 10.0\ngpu_lock_min_delay = 0.0\ntensorflow_allow_cpu_only = false\nfinal_vs_ga_progress_factor = 5\ndebug = false\ndebug_print = false\ndebug_print_server = false\nping_period_debug = 20\nhard_asserts = false\nbrain_inconsistent_asserts = false\ncheck_1_vs_N = false\ncheck_pred_contribs_sum = true\nenable_funnel = true\nclean_funnel = true\nquiet_funnel = false\ndummy = 0\ndebug_ga = false\ndebug_indiv = false\nuniquify_indiv = true\ndebug_daimodel_level = 0\ndebug_pipeline_pickles = false\nbrain_food_full = false\nmemory_ref = 137438953472\nrows_ref = 2000000\nmemory_score_factor_ref = 0.2\nuse_dummy_pool = false\nuse_dummy_pool_onetask = false\nuse_dummy_pool_detect_types = false\nuse_dummy_pool_capture_schema = false\nuse_dummy_pool_fs = false\nuse_dummy_pool_dl2 = false\nuse_dummy_pool_munging = false\nuse_dummy_pool_training = false\nuse_dummy_pool_xgb_fit = false\nuse_dummy_pool_lgbm_fit = false\nuse_dummy_pool_predict = false\nuse_dummy_pool_score = false\nuse_dummy_pool_final_munging = false\nuse_dummy_pool_final_training = false\nuse_dummy_pool_final_predict = false\nuse_dummy_pool_mojo = false\nuse_global_isolation_pool = false\ndatatable_is_leaking = true\nstalled_time_nrows_ref = 1000000\nstalled_time_nrowscols_ref = 10000000\nstalled_time_ref = 240.0\nstalled_time_min = 120.0\nstalled_time_kill_ref = 440.0\nstalled_pool_cpu_percent_threshold_kill = 5.0\nstalled_pool_gpu_percent_threshold_kill = 5.0\ncpu_percent_check_period_stalled = 0.3\ncpu_percent_per_experiment_check_period_logging = 0.1\ncpu_gpu_stall_max_count = 10\ncpu_stall_max_factor_interval = 20\nnum_cpu_sockets = 1\nautodl_stall_sigusr1 = true\nlightgbm_import_stall_trials = 3\nlightgbm_import_stall_timeout = 30\ntask_trials = 2\nreap_trials = 3\nstats_trials = 5\npool_mark = \"_\"\nacquire_mark = \"+\"\ntask_sync_mark = \"*\"\nping_mark = \"_ping_\"\npool_wait_mark = \"|\"\npool_submit_mark = \"=\"\npool_busy_mark = \"#\"\ntask_sync_key_length = 6\nxgb_in_subprocess = true\nenable_preview_time_estimate = true\nenable_preview_time_estimate_rough = true\nshow_inapplicable_models_preview = false\nshow_inapplicable_transformers_preview = false\nxgb_memory_pickled_estimate = false\ndebug_h2o4gpu_level = 0\nenable_h2o4gpu_kmeans = false\nenable_h2o4gpu_truncatedsvd = false\nxgboost_direct_datatable = false\ninteraction_finder_max_rows_x_cols = 200000.0\ninteraction_finder_search_limit = 20\ninteraction_finder_return_limit = 5\ninteraction_finder_gini_rel_improvement_threshold = 0.5\ninteraction_finder_corr_threshold = 0.95\ninteraction_finder_max_pairwise_interactions = 100\nenable_bootstrap = true\nmin_bootstrap_samples = 1\nmax_bootstrap_samples = 100\nmin_bootstrap_sample_size_factor = 1.0\nmax_bootstrap_sample_size_factor = 10.0\nbootstrap_final_seed = -1\nserver_proctitle = \"h2oai-DriverlessAI\"\nserver_fork_proctitle = \"h2oai-DAI-fork\"\nserver_db_checkpoint_period = 10\nserver_wal_mode = true\nserver_wal_db_checkpoint_period = 360\nserver_timeout_flush_rpc = 10.0\nserver_timeout_flush_rpc_min = 10.0\nserver_timeout_flush_rpc_max = 120.0\nenable_gpu_usage_in_gui = true\nping_check_period_memory = 5\nping_check_period_usage = 5\nping_check_period_files = 60\nping_check_server_health = true\nping_check_period_server_health = 1.0\nping_check_period_server_exists = 10.0\nping_check_period_server_health_hard_assert_limit = 60.0\nping_check_server_health_debug_duration_always_print = false\nping_check_period_server_health_info_logger = true\nserver_health_sigusr1 = false\nserver_runtime_metrics = false\nping_check_period = 5\ngpu_small_data_size = 100000\nmax_rows_tuning = 1000\nbenford_mad_threshold_int = 0.03\nbenford_mad_threshold_real = 0.1\nstop_early_rel_std = 0.1\nstop_early_abs_std = 0.001\nvarimp_threshold_at_interpretability_10 = 0.05\nlowest_nonzero_varimp = 1e-30\nfeatures_allowed_by_interpretability = \"{1: 10000000, 2: 10000, 3: 1000, 4: 500, 5: 300, 6: 200, 7: 150, 8: 100, 9: 80, 10: 50, 11: 50, 12: 50, 13: 50}\"\nnfeatures_max_threshold = 200\nrdelta_percent_score_penalty_per_feature_by_interpretability = \"{1: 0.0, 2: 0.1, 3: 1.0, 4: 2.0, 5: 5.0, 6: 10.0, 7: 20.0, 8: 30.0, 9: 50.0, 10: 100.0, 11: 100.0, 12: 100.0, 13: 100.0}\"\ndrop_low_meta_weights = true\nmeta_weight_allowed_by_interpretability = \"{1: 1E-7, 2: 1E-5, 3: 1E-4, 4: 1E-3, 5: 1E-2, 6: 0.03, 7: 0.05, 8: 0.08, 9: 0.10, 10: 0.15, 11: 0.15, 12: 0.15, 13: 0.15}\"\nfeature_cost_mean_interp_for_penalty = 5\nfeatures_cost_per_interp = 0.25\nvarimp_threshold_shift_report = 0.3\napply_featuregene_limits_after_tuning = true\nremove_scored_0gain_genes_in_postprocessing_above_interpretability = 13\nremove_scored_0gain_genes_in_postprocessing_above_interpretability_final_population = 2\nremove_scored_by_threshold_genes_in_postprocessing_above_interpretability_final_population = 7\nmerge_dup_raw_features = true\nfs_interpretabilty_switch = 6\nfs_prune_by_genes = false\nvarimp_fspermute_factor = 1.0\nngenes_min = -1\nnfeatures_min = -1\nfeatures_per_gene = 1\nnfeatures_max_factor = 1.0\nuse_unit_pool_protection = true\nalways_use_unit_pool_protection = false\ntrigger_subprocess_catch_rows_times_columns = 10000000\nstrict_gpu_non_overlap = false\nround_up_indivs_for_busy_gpus = true\nterminate_train_backend_tuning = true\nterminate_train_tuning = true\nterminate_train_feature_evolution = true\nreduce_by_genes = false\nkeep_fraction_default = 1.0\nreduce_randomly = false\nreduce_by_fraction = 0.1\nreduce_count_max = 10\npreserve_oom_reduced_features = true\npreserve_varimp_reduced_features = false\npreserve_varimp_reduced_features_for_rescored = true\npreserve_reduced_features_for_final_model = true\nmutation_rate = -1\nextra_mutation_level = -1\ntuning_share_varimp_accuracy_switch = 5\ntuning_share_varimp = \"best\"\nfresh_indiv_accuracy_switch = 7\nenable_tensorflow_import = true\ndetailed_tensorflow_import_error = false\nenable_lightgbm_import = true\ncheck_clinfo_timeout = 30\ncheck_java_timeout = 30\nprob_add_genes = 0.5\nprob_addbest_genes = 0.5\nprob_prune_genes = 0.5\nprob_perturb_xgb = 0.25\nprob_prune_by_features = 0.25\nperturb_xgb_depth_random = false\nperturb_xgb_depth_min = 3\nperturb_xgb_depth_max = 10\nexplore_more_unused_genes = true\nexplore_gene_anneal = true\nexplore_prob0 = 0.5\nexplore_anneal_factor = 0.9\nexplore_prob_lowest = 0.1\nexplore_grow_anneal = true\ngrow_prob0 = 0.8\ngrow_anneal_factor = 0.5\ngrow_prob_lowest = 0.05\ngrow_proboff = 0.5\nprob_tune_model_vs_features = 0.5\nmax_absolute_feature_expansion = 1000\nexplore_model_anneal = true\nexplore_model_prob0 = 0.5\nexplore_model_anneal_factor = 0.9\nexplore_model_prob_lowest = 0.1\nxgboost_interpretability_switch = 10\nxgboost_accuracy_switch = 1\nbooster_for_fs_permute = \"lightgbm\"\nmodel_class_name_for_fs_permute = \"LightGBMModel\"\ndefault_booster = \"lightgbm\"\ndefault_model_class_name = \"LightGBMModel\"\nthreshold_data_size_large_to_use_cpu_for_fs = 100000000\nlightgbm_interpretability_switch = 10\nlightgbm_accuracy_switch = 1\ndecision_tree_interpretability_switch = 7\ndecision_tree_accuracy_switch = 7\ntensorflow_interpretability_switch = 6\ntensorflow_accuracy_switch = 5\ntensorflow_num_classes_switch = 10\ntensorflow_num_classes_switch_but_keep_lightgbm = 15\ntextlin_num_classes_switch = 5\ntext_gene_dim_reduction_choices = [ 50,]\ntext_gene_max_ngram = [ 1, 2, 3,]\nglm_do_lambda_search = true\nglm_do_lambda_search_by_eval_metric = false\nglm_lambda_early_stopping_rounds = 4\ngbm_early_stopping_rounds_min = 1\nglm_optimal_refit = true\nglm_interpretability_switch = 6\nglm_accuracy_switch = 5\nfixup_nanpreds = true\nfixup_infX = true\nrulefit_interpretability_switch = 1\nrulefit_accuracy_switch = 8\nenable_cache_final_pipeline = false\ntop_pid = -1\ngolden_fatal = false\nnotification_url = \"https://s3.amazonaws.com/ai.h2o.notifications/dai_notifications_prod.json\"\nping_run_type = \"fork\"\nlock_logs = true\nmax_num_varimp_to_log = 10\nmax_num_varimp_shift_to_log = 10\nlock_logs_server = false\ndebug_feature_cache_files = false\ndebug_final_feature_cache_files = false\ngenerate_fresh_logger_every_log = true\nfinal_munging_memory_reduction_factor = 2\nmunging_memory_overhead_factor = 5\nmunging_memory_available = 0\nmunging_max_workers_verbose = false\nprob_segfault_ga_pipeline = 0.0\nprob_segfault_ga_model = 0.0\nprob_segfault_final_pipeline = 0.0\nprob_segfault_final_model = 0.0\nprob_segfault_lightgbm = 0.0\nprob_segfault_xgboost = 0.0\nprob_segfault_gblinear = 0.0\nprob_segfault_tensorflow = 0.0\nprob_segfault_rulefit = 0.0\nprob_stall_ga_pipeline = 0.0\nprob_stall_fitmodel = 0.0\nprob_stall_final_pipeline = 0.0\nprob_stall_kill_ga_pipeline = 0.0\nprob_stall_kill_fitmodel = 0.0\nprob_stall_kill_final_pipeline = 0.0\nprob_finish_early = 0.0\nprob_abort_early = 0.0\nstall_subprocess_submission_cpu_threshold_pct = 100\nstall_subprocess_submission_dai_fork_threshold_pct = -1.0\nstall_subprocess_submission_experiment_fork_threshold_pct = -1.0\nstall_by_memory = true\nstall_by_cores = true\nstall_by_disk = true\nrestrict_initpool_by_memory = true\nrestrict_initpool_by_cores = false\nbase_fork_count = 2\nexperiment_nice_level = 100\nrandom_control = false\ndill_for_model = false\ngzip_for_model = true\nbzip_for_model = false\ncompression_level_for_model = 5\ncheck_nvidia_smi_during_experiment = false\nsmall_pool_sleeptouse = 0.005\nlarge_pool_sleeptouse = 0.01\nonetask_sleeptouse = 0.01\nonetask_fast_sleeptouse = 0.0001\npool_default_sleeptouse = 0.001\ntrace_detect_types = false\ntrace_fit_transform = false\ntrace_final_fit_transform = false\ntrace_final_transform = false\nterminate_experiment_if_server_lost = false\nshow_all_filesystems = false\nuse_uuids = true\nresumed_experiment_id = \"\"\nexperiment_id = \"e3dedfd8-6bdc-11ea-bc2c-0242ac110003\"\nexperiment_tmp_dir = \"./tmp/h2oai_experiment_e3dedfd8-6bdc-11ea-bc2c-0242ac110003\"\nreproducible = false\nfast_import = false\nserver_recipe_url = \"\"\nnum_rows_acceptance_test_custom_transformer = 200\nnum_rows_acceptance_test_custom_model = 100\nenable_custom_transformers = true\nenable_custom_models = true\nenable_custom_scorers = true\nenable_custom_datas = true\nrecipe_load_raise_on_first_error = false\nrecipe_load_raise_on_first_error_but_keep_accepted_recipes = false\nrecipe_load_raise_on_any_error = true\nversion_old_custom = false\nversion_old_custom_by_filename = false\nwrite_recipes_to_experiment_folder = true\nwrite_recipes_to_experiment_logger = false\ncontrib_relative_directory = \"contrib\"\ncontrib_env_relative_directory = \"contrib/env\"\npip_install_overall_retries = 2\npip_install_verbosity = 2\npip_install_timeout = 15\npip_install_retries = 5\npip_install_options = \"\"\nenable_basic_acceptance_tests = true\nenable_acceptance_tests = true\nacceptance_test_timeout = 20.0\nacceptance_tests_max_number_of_parameter_combinations = 20\ncontrib_reload_and_recheck_server_start = false\nrecipe_test_import_after_load_package = false\ndata_recipe_preview_num_rows = 20\ndebug_custom = false\nallow_any_call_to_skip_failures = true\nskip_transformer_failures = true\nskip_model_failures = true\ndetailed_skip_failure_messages_level = 1\nconfig_overrides = \"\"\nprotect_base_env = false\ncheck_cuda_context_testing = false\ntest_scoring_simple = true\nenable_dataset_downloading = true\naudit_log_retention_period = 5\nenable_advanced_features_experiment = false\nenable_artifacts_upload = false\nartifacts_store = \"file_system\"\nartifacts_file_system_directory = \"tmp\"\nenable_imputation = false\n\n[h2o_recipes_kwargs]\n\n[params_lightgbm]\n\n[params_xgboost]\n\n[params_dart]\n\n[params_tensorflow]\n\n[params_gblinear]\n\n[params_decision_tree]\n\n[params_rulefit]\n\n[params_ftrl]\n\n[params_tune_lightgbm]\n\n[params_tune_xgboost]\n\n[params_tune_dart]\n\n[params_tune_tensorflow]\n\n[params_tune_gblinear]\n\n[params_tune_rulefit]\n\n[params_tune_ftrl]\n\n[recipe_dict]\n\n[extra_http_headers]\n", "context": "AutoDLRuntimeContext", "cvd_backup": null, "datetime_start": "datetime", "detect_time_series": false, "device": "xvda1", "did_prune_any": true, "disable_gpus": false, "doing_refit": false, "doing_restart": false, "dummy": false, "early_stopping_rounds": 10, "ensemble_level": 1, "exceptional": true, "experiment_description": "TrainingForPriceType", "experiment_id": "e3dedfd8-6bdc-11ea-bc2c-0242ac110003", "experiment_id_extension": null, "f": "TextIOWrapper", "final_model_and_pipeline_can_mojo": true, "fold_column": null, "fold_reps": 1, "good_tuning_subsample": true, "got_brain_population": true, "gt_logger": "RootLogger", "gt_num_dropped_cols": 0, "interpretability": 5, "iterate_iter": true, "iterations": 50, "iterations_feature_evolution_planned": 50, "kwargs": {}, "label_counts": null, "logger": "AuditLogger", "make_mojo_pipeline": false, "make_mojo_pipeline_if_possible": true, "make_mojo_pipeline_old": false, "make_scoring_pipeline": true, "max_fold_valid_rows": 140722246808368, "max_rows": 35672, "max_rows_feature_evolution": 35672, "max_rows_feature_evolution_orig": null, "max_rows_orig": null, "max_runtime_seconds": 86400, "maximize": false, "message": "Ingesting training data...", "min_rows": null, "monotonicity_constraints": false, "myseed": null, "new_accuracy": null, "new_interpretability": null, "new_time": null, "num_as_cat_allowed": true, "num_classes": 3, "num_classes_tuning": 0, "num_ensemble_folds": 4, "num_folds": 3, "num_gap_periods": null, "num_individuals": 2, "num_prediction_periods": null, "num_validation_splits_tuning": 140597077356608, "only_do_autotune": false, "only_first_fold_model": true, "orig_train_shape": [35672, 29], "original_ensemble_level": 0, "out_of_disk": false, "parameter_tuning_num_models": 1, "ping_proc": "PingProcess", "ping_proc_p": "mppool", "ping_server_proc": "PingProcess", "ping_server_proc_p": "mppool", "random_seed": true, "resumed_experiment_id": "", "run_benchmarks": false, "run_indicator_file": "/opt/h2oai/dai/tmp/h2oai_experiment_e3dedfd8-6bdc-11ea-bc2c-0242ac110003/STARTED", "score_f": null, "score_f_name": "GINI", "seed": 1011415184, "seed_time": 1071517192, "server_on": true, "soft_fail_at_end": false, "soft_fail_msg": "", "start_time_millis": 1584840706960, "strategy": null, "strategy_orig": null, "t_start": 1584840707.5757518, "target": "priceType", "target_transform": null, "task": "Task", "test_data": null, "test_data_name": null, "testing": false, "testing_attack": false, "testing_iterations": null, "time_column": null, "time_groups_columns": null, "time_period_in_seconds": null, "time_series": false, "time_tolerance": 5, "tmp_dir": "./tmp/h2oai_experiment_e3dedfd8-6bdc-11ea-bc2c-0242ac110003", "tmp_dir_base": "/opt/h2oai/dai/./tmp", "total_gpus": 1, "total_num_features_created": 19, "train_data": {"key": "a68d872e-6bdc-11ea-bc2c-0242ac110003", "name": "Fact1_Train", "file_path": "./tmp/a68d872e-6bdc-11ea-bc2c-0242ac110003/Fact1_Train.1584840602.2169023.bin", "file_size": 6504920, "bin_file_path": "./tmp/a68d872e-6bdc-11ea-bc2c-0242ac110003/Fact1_Train.1584840602.2169023.bin", "data_source": "split", "row_count": 35672, "columns": [{"name": "price", "data_type": "real", "logical_types": [], "datetime_format": "", "stats": {"is_numeric": true, "num_classes": 0, "numeric": {"count": 35672, "mean": 211.0823334828434, "std": 571.5446895000631, "min": 10.0, "max": 22000.0, "unique": 853, "freq": 1118, "hist_ticks": ["10.0", "2209.0", "4408.0", "6607.0", "8806.0", "11005.0", "13204.0", "15403.0", "17602.0", "19801.0", "22000.0"], "hist_counts": [35359, 197, 58, 20, 27, 2, 3, 2, 0, 4]}, "non_numeric": {"count": "", "unique": "", "top": "", "freq": "", "hist_ticks": [], "hist_counts": []}}, "data": [122.0, 168.0, 79.0, 140.0, 75.0, 105.0, 303.0, 85.0, 99.0, 48.0, 95.0, 129.0, 95.0, 70.0, 74.0, 80.0, 90.0, 165.0, 150.0, 275.0]}, {"name": "security_deposit", "data_type": "real", "logical_types": [], "datetime_format": "", "stats": {"is_numeric": true, "num_classes": 0, "numeric": {"count": 35672, "mean": 440.518519847499, "std": 2178.429133743745, "min": 0.0, "max": 250000.0, "unique": 218, "freq": 8618, "hist_ticks": ["0.0", "25000.0", "50000.0", "75000.0", "100000.0", "125000.0", "150000.0", "175000.0", "200000.0", "225000.0", "250000.0"], "hist_counts": [35653, 6, 6, 1, 4, 0, 1, 0, 0, 1]}, "non_numeric": {"count": "", "unique": "", "top": "", "freq": "", "hist_ticks": [], "hist_counts": []}}, "data": [500.0, 0.0, 480.0, 435.48, 100.0, 150.0, 200.0, 150.0, 480.0, 0.0, 100.0, 435.48, 0.0, 250.0, 435.48, 435.48, 300.0, 500.0, 500.0, 2500.0]}, {"name": "cleaning_fee", "data_type": "real", "logical_types": [], "datetime_format": "", "stats": {"is_numeric": true, "num_classes": 0, "numeric": {"count": 35672, "mean": 86.87908387530842, "std": 87.1566279162087, "min": 0.0, "max": 2500.0, "unique": 286, "freq": 4742, "hist_ticks": ["0.0", "250.0", "500.0", "750.0", "1000.0", "1250.0", "1500.0", "1750.0", "2000.0", "2250.0", "2500.0"], "hist_counts": [33965, 1363, 290, 32, 17, 1, 3, 0, 0, 1]}, "non_numeric": {"count": "", "unique": "", "top": "", "freq": "", "hist_ticks": [], "hist_counts": []}}, "data": [240.0, 100.0, 89.0, 100.0, 25.0, 50.0, 100.0, 25.0, 88.0, 35.0, 25.0, 45.0, 80.0, 0.0, 25.0, 87.04, 25.0, 95.0, 75.0, 175.0]}, {"name": "guests_included", "data_type": "int", "logical_types": [], "datetime_format": "", "stats": {"is_numeric": true, "num_classes": 19, "numeric": {"count": 35672, "mean": 1.9682383942588055, "std": 1.8143257782966014, "min": 1, "max": 24, "unique": 19, "freq": 21750, "hist_ticks": ["1", "2", "3", "4", "5", "6", "7", "8", "9", "10", "11", "12", "13", "14", "15", "16", "18", "21", "24"], "hist_counts": [21750, 7249, 1110, 2658, 670, 1237, 148, 456, 21, 211, 9, 59, 6, 26, 10, 49, 1, 1, 1]}, "non_numeric": {"count": "", "unique": "", "top": "", "freq": "", "hist_ticks": [], "hist_counts": []}}, "data": [3, 6, 1, 1, 1, 2, 2, 2, 1, 1, 2, 2, 1, 1, 1, 2, 1, 4, 2, 2]}, {"name": "extra_people", "data_type": "real", "logical_types": [], "datetime_format": "", "stats": {"is_numeric": true, "num_classes": 94, "numeric": {"count": 35672, "mean": 15.504261045077385, "std": 26.595718989613843, "min": 0.0, "max": 300.0, "unique": 94, "freq": 16806, "hist_ticks": ["0.0", "30.0", "60.0", "90.0", "120.0", "150.0", "180.0", "210.0", "240.0", "270.0", "300.0"], "hist_counts": [29949, 4283, 494, 682, 26, 85, 55, 1, 19, 78]}, "non_numeric": {"count": "", "unique": "", "top": "", "freq": "", "hist_ticks": [], "hist_counts": []}}, "data": [25.0, 0.0, 0.0, 0.0, 15.0, 15.0, 15.0, 0.0, 41.0, 10.0, 10.0, 45.0, 35.0, 0.0, 25.0, 10.0, 10.0, 50.0, 0.0, 45.0]}, {"name": "minimum_nights", "data_type": "int", "logical_types": [], "datetime_format": "", "stats": {"is_numeric": true, "num_classes": 85, "numeric": {"count": 35672, "mean": 5.875840995738958, "std": 17.982051720108334, "min": 1, "max": 730, "unique": 85, "freq": 13560, "hist_ticks": ["1.0", "73.9", "146.8", "219.70000000000002", "292.6", "365.5", "438.40000000000003", "511.30000000000007", "584.2", "657.1", "730.0"], "hist_counts": [35431, 144, 53, 4, 37, 0, 1, 0, 0, 2]}, "non_numeric": {"count": "", "unique": "", "top": "", "freq": "", "hist_ticks": [], "hist_counts": []}}, "data": [30, 2, 28, 1, 1, 1, 1, 3, 28, 1, 1, 2, 2, 1, 3, 1, 21, 2, 2, 4]}, {"name": "maximum_nights", "data_type": "int", "logical_types": [], "datetime_format": "", "stats": {"is_numeric": true, "num_classes": 0, "numeric": {"count": 35672, "mean": 662.048525454136, "std": 5350.894359612299, "min": 1, "max": 1000000, "unique": 273, "freq": 18092, "hist_ticks": ["1.0", "100000.9", "200000.8", "300000.69999999995", "400000.6", "500000.5", "600000.3999999999", "700000.2999999999", "800000.2", "900000.1", "1000000.0"], "hist_counts": [35670, 1, 0, 0, 0, 0, 0, 0, 0, 1]}, "non_numeric": {"count": "", "unique": "", "top": "", "freq": "", "hist_ticks": [], "hist_counts": []}}, "data": [730, 14, 366, 180, 14, 29, 1120, 30, 366, 730, 1250, 50, 730, 1125, 30, 24, 150, 120, 1125, 365]}, {"name": "location", "data_type": "str", "logical_types": [], "datetime_format": "", "stats": {"is_numeric": false, "num_classes": 261, "numeric": {"count": "", "mean": "", "std": "", "min": "", "max": "", "unique": "", "freq": "", "hist_ticks": [], "hist_counts": []}, "non_numeric": {"count": 35672, "unique": 261, "top": "hollywood", "freq": 2164, "hist_ticks": ["hollywood", "venice", "Other"], "hist_counts": [2164, 2147, 31361]}}, "data": ["culver city", "burbank", "hollywood", "santa monica", "del rey", "del rey", "del rey", "woodland hills", "hollywood", "bellflower", "atwater village", "beverly hills", "venice", "redondo beach", "mid-wilshire", "gardena", "venice", "mid-wilshire", "redondo beach", "hollywood hills"]}, {"name": "state", "data_type": "str", "logical_types": [], "datetime_format": "", "stats": {"is_numeric": false, "num_classes": 1, "numeric": {"count": "", "mean": "", "std": "", "min": "", "max": "", "unique": "", "freq": "", "hist_ticks": [], "hist_counts": []}, "non_numeric": {"count": 35672, "unique": 1, "top": "CA", "freq": 35672, "hist_ticks": ["CA"], "hist_counts": [35672]}}, "data": ["CA", "CA", "CA", "CA", "CA", "CA", "CA", "CA", "CA", "CA", "CA", "CA", "CA", "CA", "CA", "CA", "CA", "CA", "CA", "CA"]}, {"name": "zipcode", "data_type": "str", "logical_types": [], "datetime_format": "", "stats": {"is_numeric": false, "num_classes": 299, "numeric": {"count": "", "mean": "", "std": "", "min": "", "max": "", "unique": "", "freq": "", "hist_ticks": [], "hist_counts": []}, "non_numeric": {"count": 35250, "unique": 299, "top": "90291", "freq": 1778, "hist_ticks": ["90291", "90046", "Other"], "hist_counts": [1778, 1289, 32183]}}, "data": ["90230", "91505", "90046", "90405", "90066", "90066", "90066", "91367", "90046", "90706", "90039", "90211", "90291", "90277", "90019", "90247", "90291", "90036", "90277", "90068"]}, {"name": "latitude", "data_type": "real", "logical_types": [], "datetime_format": "", "stats": {"is_numeric": true, "num_classes": 0, "numeric": {"count": 35672, "mean": 34.05372017818374, "std": 0.11631383042856362, "min": 33.33848, "max": 34.77708, "unique": 20223, "freq": 10, "hist_ticks": ["33.33848", "33.48233999999999", "33.6262", "33.77006", "33.91392", "34.057779999999994", "34.20164", "34.3455", "34.48936", "34.633219999999994", "34.77708"], "hist_counts": [163, 0, 690, 2210, 13391, 17854, 1014, 158, 94, 98]}, "non_numeric": {"count": "", "unique": "", "top": "", "freq": "", "hist_ticks": [], "hist_counts": []}}, "data": [33.98209, 34.165620000000004, 34.09768, 34.00475, 33.98833, 33.98685, 33.98782, 34.16825, 34.095209999999994, 33.8761, 34.115429999999996, 34.06884, 33.99638, 33.838229999999996, 34.05437, 33.90348, 33.99753, 34.058640000000004, 33.83847, 34.11959]}, {"name": "longitude", "data_type": "real", "logical_types": [], "datetime_format": "", "stats": {"is_numeric": true, "num_classes": 0, "numeric": {"count": 35672, "mean": -118.32612464902434, "std": 0.15421767780084988, "min": -118.93422, "max": -117.65418000000001, "unique": 24125, "freq": 10, "hist_ticks": ["-118.93422", "-118.80621599999999", "-118.678212", "-118.550208", "-118.42220400000001", "-118.2942", "-118.166196", "-118.03819200000001", "-117.910188", "-117.78218400000002", "-117.65418000000001"], "hist_counts": [93, 239, 1214, 7543, 14364, 7709, 2714, 845, 776, 175]}, "non_numeric": {"count": "", "unique": "", "top": "", "freq": "", "hist_ticks": [], "hist_counts": []}}, "data": [-118.38493999999999, -118.33458, -118.34602, -118.48127, -118.43224, -118.43266000000001, -118.4317, -118.64438, -118.34801000000002, -118.11509, -118.2609, -118.38225, -118.47733999999998, -118.38569, -118.35641000000001, -118.29269, -118.47226, -118.34352, -118.38521999999999, -118.32056000000001]}, {"name": "wifi", "data_type": "bool", "logical_types": [], "datetime_format": "", "stats": {"is_numeric": true, "num_classes": 2, "numeric": {"count": 35672, "mean": 0.9755830903790087, "std": 0.15434180229344452, "min": false, "max": true, "unique": 2, "freq": 34801, "hist_ticks": ["False", "True"], "hist_counts": [871, 34801]}, "non_numeric": {"count": "", "unique": "", "top": "", "freq": "", "hist_ticks": [], "hist_counts": []}}, "data": [true, true, true, true, true, true, true, true, true, true, true, true, true, true, true, true, true, true, true, true]}, {"name": "ac", "data_type": "bool", "logical_types": [], "datetime_format": "", "stats": {"is_numeric": true, "num_classes": 2, "numeric": {"count": 35672, "mean": 0.765838753083651, "std": 0.42347937929166657, "min": false, "max": true, "unique": 2, "freq": 27319, "hist_ticks": ["False", "True"], "hist_counts": [8353, 27319]}, "non_numeric": {"count": "", "unique": "", "top": "", "freq": "", "hist_ticks": [], "hist_counts": []}}, "data": [true, true, true, false, false, false, false, true, true, true, false, true, false, false, true, true, false, true, false, true]}, {"name": "pet", "data_type": "bool", "logical_types": [], "datetime_format": "", "stats": {"is_numeric": true, "num_classes": 2, "numeric": {"count": 35672, "mean": 0.2381699932720341, "std": 0.425969640001675, "min": false, "max": true, "unique": 2, "freq": 8496, "hist_ticks": ["False", "True"], "hist_counts": [27176, 8496]}, "non_numeric": {"count": "", "unique": "", "top": "", "freq": "", "hist_ticks": [], "hist_counts": []}}, "data": [true, true, false, false, false, false, false, false, false, false, true, false, false, true, true, false, true, false, true, false]}, {"name": "park", "data_type": "bool", "logical_types": [], "datetime_format": "", "stats": {"is_numeric": true, "num_classes": 2, "numeric": {"count": 35672, "mean": 0.8177562233684683, "std": 0.38605072262822016, "min": false, "max": true, "unique": 2, "freq": 29171, "hist_ticks": ["False", "True"], "hist_counts": [6501, 29171]}, "non_numeric": {"count": "", "unique": "", "top": "", "freq": "", "hist_ticks": [], "hist_counts": []}}, "data": [true, true, true, false, true, true, true, true, true, true, true, true, true, true, true, true, true, true, true, true]}, {"name": "htub", "data_type": "bool", "logical_types": [], "datetime_format": "", "stats": {"is_numeric": true, "num_classes": 2, "numeric": {"count": 35672, "mean": 0.174086117963669, "std": 0.37918883452076246, "min": false, "max": true, "unique": 2, "freq": 6210, "hist_ticks": ["False", "True"], "hist_counts": [29462, 6210]}, "non_numeric": {"count": "", "unique": "", "top": "", "freq": "", "hist_ticks": [], "hist_counts": []}}, "data": [true, false, true, false, false, false, false, false, true, false, false, false, false, false, false, false, false, false, false, false]}, {"name": "dishwasher", "data_type": "bool", "logical_types": [], "datetime_format": "", "stats": {"is_numeric": true, "num_classes": 2, "numeric": {"count": 35672, "mean": 0.24472976003588248, "std": 0.4299328858180472, "min": false, "max": true, "unique": 2, "freq": 8730, "hist_ticks": ["False", "True"], "hist_counts": [26942, 8730]}, "non_numeric": {"count": "", "unique": "", "top": "", "freq": "", "hist_ticks": [], "hist_counts": []}}, "data": [false, true, true, false, false, false, false, false, true, false, false, true, false, false, true, false, false, false, false, true]}, {"name": "bbq", "data_type": "bool", "logical_types": [], "datetime_format": "", "stats": {"is_numeric": true, "num_classes": 2, "numeric": {"count": 35672, "mean": 0.1468378560215295, "std": 0.3539491659251, "min": false, "max": true, "unique": 2, "freq": 5238, "hist_ticks": ["False", "True"], "hist_counts": [30434, 5238]}, "non_numeric": {"count": "", "unique": "", "top": "", "freq": "", "hist_ticks": [], "hist_counts": []}}, "data": [false, true, false, false, false, false, false, true, true, false, true, false, false, false, false, false, false, false, true, false]}, {"name": "pool", "data_type": "bool", "logical_types": [], "datetime_format": "", "stats": {"is_numeric": true, "num_classes": 2, "numeric": {"count": 35672, "mean": 0.22625588697017268, "std": 0.41841255756274326, "min": false, "max": true, "unique": 2, "freq": 8071, "hist_ticks": ["False", "True"], "hist_counts": [27601, 8071]}, "non_numeric": {"count": "", "unique": "", "top": "", "freq": "", "hist_ticks": [], "hist_counts": []}}, "data": [true, true, false, false, false, false, false, true, false, false, false, false, false, false, false, true, false, false, false, false]}, {"name": "hr", "data_type": "bool", "logical_types": [], "datetime_format": "", "stats": {"is_numeric": true, "num_classes": 2, "numeric": {"count": 35672, "mean": 0.10279771249159005, "std": 0.3036987460978589, "min": false, "max": true, "unique": 2, "freq": 3667, "hist_ticks": ["False", "True"], "hist_counts": [32005, 3667]}, "non_numeric": {"count": "", "unique": "", "top": "", "freq": "", "hist_ticks": [], "hist_counts": []}}, "data": [true, true, true, false, false, false, false, false, true, false, false, false, false, false, false, true, true, false, false, true]}, {"name": "coffee", "data_type": "bool", "logical_types": [], "datetime_format": "", "stats": {"is_numeric": true, "num_classes": 2, "numeric": {"count": 35672, "mean": 0.3753644314868805, "std": 0.48422365501409154, "min": false, "max": true, "unique": 2, "freq": 13390, "hist_ticks": ["False", "True"], "hist_counts": [22282, 13390]}, "non_numeric": {"count": "", "unique": "", "top": "", "freq": "", "hist_ticks": [], "hist_counts": []}}, "data": [false, true, true, false, false, false, true, false, true, false, true, true, false, false, true, false, true, false, false, true]}, {"name": "heating", "data_type": "bool", "logical_types": [], "datetime_format": "", "stats": {"is_numeric": true, "num_classes": 2, "numeric": {"count": 35672, "mean": 0.8839145548329221, "std": 0.3203318453464048, "min": false, "max": true, "unique": 2, "freq": 31531, "hist_ticks": ["False", "True"], "hist_counts": [4141, 31531]}, "non_numeric": {"count": "", "unique": "", "top": "", "freq": "", "hist_ticks": [], "hist_counts": []}}, "data": [true, true, true, true, true, true, true, true, true, true, true, true, true, true, true, true, true, true, true, true]}, {"name": "iron", "data_type": "bool", "logical_types": [], "datetime_format": "", "stats": {"is_numeric": true, "num_classes": 2, "numeric": {"count": 35672, "mean": 0.7213500784929356, "std": 0.4483411398664217, "min": false, "max": true, "unique": 2, "freq": 25732, "hist_ticks": ["False", "True"], "hist_counts": [9940, 25732]}, "non_numeric": {"count": "", "unique": "", "top": "", "freq": "", "hist_ticks": [], "hist_counts": []}}, "data": [true, true, true, false, true, true, true, true, true, true, true, true, true, true, true, true, true, true, true, true]}, {"name": "washer", "data_type": "bool", "logical_types": [], "datetime_format": "", "stats": {"is_numeric": true, "num_classes": 2, "numeric": {"count": 35672, "mean": 0.7804720789414668, "std": 0.4139326227145042, "min": false, "max": true, "unique": 2, "freq": 27841, "hist_ticks": ["False", "True"], "hist_counts": [7831, 27841]}, "non_numeric": {"count": "", "unique": "", "top": "", "freq": "", "hist_ticks": [], "hist_counts": []}}, "data": [true, true, true, true, true, true, true, true, true, true, true, true, false, false, true, true, false, true, false, true]}, {"name": "dryer", "data_type": "bool", "logical_types": [], "datetime_format": "", "stats": {"is_numeric": true, "num_classes": 2, "numeric": {"count": 35672, "mean": 0.9237777528593855, "std": 0.26535709924838646, "min": false, "max": true, "unique": 2, "freq": 32953, "hist_ticks": ["False", "True"], "hist_counts": [2719, 32953]}, "non_numeric": {"count": "", "unique": "", "top": "", "freq": "", "hist_ticks": [], "hist_counts": []}}, "data": [true, true, true, true, true, true, true, true, true, true, true, true, true, true, true, true, true, true, true, true]}, {"name": "parking", "data_type": "bool", "logical_types": [], "datetime_format": "", "stats": {"is_numeric": true, "num_classes": 2, "numeric": {"count": 35672, "mean": 0.8177562233684683, "std": 0.38605072262822016, "min": false, "max": true, "unique": 2, "freq": 29171, "hist_ticks": ["False", "True"], "hist_counts": [6501, 29171]}, "non_numeric": {"count": "", "unique": "", "top": "", "freq": "", "hist_ticks": [], "hist_counts": []}}, "data": [true, true, true, false, true, true, true, true, true, true, true, true, true, true, true, true, true, true, true, true]}, {"name": "amenities", "data_type": "str", "logical_types": [], "datetime_format": "", "stats": {"is_numeric": false, "num_classes": 1532, "numeric": {"count": "", "mean": "", "std": "", "min": "", "max": "", "unique": "", "freq": "", "hist_ticks": [], "hist_counts": []}, "non_numeric": {"count": 35509, "unique": 1532, "top": "wifi air conditioning  park       heating iron washer dryer parking", "freq": 2445, "hist_ticks": ["wifi air conditioning  park       heating iron washer dryer parking", "wifi air conditioning  park  dishwasher    coffee heating iron washer dryer parking", "Other"], "hist_counts": [2445, 1591, 31473]}}, "data": ["wifi air conditioning pet park...", "wifi air conditioning pet park...", "wifi air conditioning  park ho...", "wifi          heating  washer ...", "wifi   park       heating iron...", "wifi   park       heating iron...", "wifi   park      coffee heatin...", "wifi air conditioning  park   ...", "wifi air conditioning  park ho...", "wifi air conditioning  park   ...", "wifi  pet park   BBQ   coffee ...", "wifi air conditioning  park  d...", "wifi   park       heating iron...", "wifi  pet park       heating i...", "wifi air conditioning pet park...", "wifi air conditioning  park   ...", "wifi  pet park     24-hour che...", "wifi air conditioning  park   ...", "wifi  pet park   BBQ    heatin...", "wifi air conditioning  park  d..."]}, {"name": "priceType", "data_type": "str", "logical_types": [], "datetime_format": "", "stats": {"is_numeric": false, "num_classes": 3, "numeric": {"count": "", "mean": "", "std": "", "min": "", "max": "", "unique": "", "freq": "", "hist_ticks": [], "hist_counts": []}, "non_numeric": {"count": 35672, "unique": 3, "top": "Low", "freq": 18341, "hist_ticks": ["Low", "Mid", "Other"], "hist_counts": [18341, 15396, 1935]}}, "data": ["Mid", "Mid", "Low", "Mid", "Low", "Low", "Mid", "Low", "Low", "Low", "Low", "Mid", "Low", "Low", "Low", "Low", "Low", "Mid", "Mid", "Mid"]}], "original_frame": "", "aggregated_frame": "", "mapping_frame": "", "uploaded": true}, "train_dt": "Frame", "train_entity": "LoadDatasetResult", "train_entity_dataset_name": "Fact1_Train", "train_shape": [35672, 29], "unavailable_columns_at_prediction_time": [], "username": "h2oai", "valid_data": null, "valid_data_name": null, "valid_shape": null, "var_check_distribution_shift": false, "var_check_distribution_shift_drop": true, "var_check_leakage_drop": true, "weight_column": null}