{
    "Relative Importance": {
        "cleaning_fee": 1.0,
        "guests_included": 0.6738804959,
        "extra_people": 0.6290033214,
        "security_deposit": 0.6272627223,
        "minimum_nights": 0.3190419609,
        "latitude": 0.2881704899,
        "longitude": 0.190169938,
        "amenities": 0.1825136038,
        "zipcode": 0.1164374163,
        "location": 0.1162525245,
        "coffee": 0.0493291591,
        "maximum_nights": 0.0147272218,
        "bbq": 0.0077915374,
        "wifi": 0.0015735136,
        "pool": 0.0013550129,
        "dryer": 0.0013257106,
        "washer": 0.0007154038,
        "htub": 0.0005474928,
        "ac": 0.0,
        "dishwasher": 0.0,
        "heating": 0.0,
        "hr": 0.0,
        "iron": 0.0,
        "park": 0.0,
        "parking": 0.0,
        "pet": 0.0
    },
    "Shift in Relative Importance": {
        "cleaning_fee": 0.0,
        "guests_included": -0.1794015371,
        "extra_people": -0.1707098455,
        "security_deposit": -0.1730883711,
        "minimum_nights": -0.085938587,
        "latitude": -0.0834207809,
        "longitude": -0.0956048139,
        "amenities": -0.0358637344,
        "zipcode": -0.0085776872,
        "location": 0.0029789505,
        "coffee": -0.0056849178,
        "maximum_nights": -0.0037360951,
        "bbq": -0.0030809715,
        "wifi": -3.4188e-05,
        "pool": -0.0008228721,
        "dryer": 0.0002578702,
        "washer": -7.37165e-05,
        "htub": -0.0005378125,
        "ac": 0.0,
        "dishwasher": 0.0,
        "heating": 0.0,
        "hr": 0.0,
        "iron": 0.0,
        "park": 0.0,
        "parking": 0.0,
        "pet": 0.0
    },
    "Original Feature": {
        "cleaning_fee": "cleaning_fee",
        "guests_included": "guests_included",
        "extra_people": "extra_people",
        "security_deposit": "security_deposit",
        "minimum_nights": "minimum_nights",
        "latitude": "latitude",
        "longitude": "longitude",
        "amenities": "amenities",
        "zipcode": "zipcode",
        "location": "location",
        "coffee": "coffee",
        "maximum_nights": "maximum_nights",
        "bbq": "bbq",
        "wifi": "wifi",
        "pool": "pool",
        "dryer": "dryer",
        "washer": "washer",
        "htub": "htub",
        "ac": "ac",
        "dishwasher": "dishwasher",
        "heating": "heating",
        "hr": "hr",
        "iron": "iron",
        "park": "park",
        "parking": "parking",
        "pet": "pet"
    }
}