{
    "index": {
        "0": 0
    },
    "Type": {
        "0": "LightGBMModel"
    },
    "Num Folds": {
        "0": 4
    },
    "Model Weight": {
        "0": 1
    },
    "booster": {
        "0": "lightgbm"
    },
    "model_class_name": {
        "0": "LightGBMModel"
    },
    "max_depth": {
        "0": 6
    },
    "max_leaves": {
        "0": 64
    },
    "subsample": {
        "0": 0.7
    },
    "colsample_bytree": {
        "0": 0.8
    },
    "tree_method": {
        "0": "gpu_hist"
    },
    "grow_policy": {
        "0": "depthwise"
    },
    "random_state": {
        "0": 254274048
    },
    "learning rate": {
        "0": 0.05
    },
    "Target Transformer": {
        "0": "LabelEncoder"
    },
    "Fitted features": {
        "0": 65
    },
    "Fit iterations [each fold]": {
        "0": [
            320
        ]
    }
}