{
    "index": {
        "0": 0,
        "1": 1,
        "2": 2,
        "3": 3,
        "4": 4,
        "5": 5,
        "6": 6,
        "7": 7
    },
    "model_name": {
        "0": "LightGBMModel",
        "1": "LightGBMModel",
        "2": "LightGBMModel",
        "3": "LightGBMModel",
        "4": "ConstantModel",
        "5": "ConstantModel",
        "6": "ConstantModel",
        "7": "ConstantModel"
    },
    "fold_id": {
        "0": 0,
        "1": 1,
        "2": 2,
        "3": 3,
        "4": 0,
        "5": 1,
        "6": 2,
        "7": 3
    },
    "model_id": {
        "0": 0,
        "1": 0,
        "2": 0,
        "3": 0,
        "4": 1,
        "5": 1,
        "6": 1,
        "7": 1
    },
    "ACCURACY": {
        "0": 0.801771499,
        "1": 0.8029827316,
        "2": 0.7993944831,
        "3": 0.8049792531,
        "4": 0.5141832044,
        "5": 0.5141287284,
        "6": 0.5141287284,
        "7": 0.5141863856
    },
    "AUC": {
        "0": 0.9390106221,
        "1": 0.9393508225,
        "2": 0.9371813747,
        "3": 0.9402733782,
        "4": 0.7299585155,
        "5": 0.729928235,
        "6": 0.729928235,
        "7": 0.7300100931
    },
    "AUCPR": {
        "0": 0.8810557546,
        "1": 0.8805967165,
        "2": 0.878375606,
        "3": 0.8849582311,
        "4": 0.4865391028,
        "5": 0.4865066822,
        "6": 0.4865066822,
        "7": 0.4865763964
    },
    "F05": {
        "0": 0.801771499,
        "1": 0.8029827316,
        "2": 0.7993944831,
        "3": 0.8049792531,
        "4": 0.5141832044,
        "5": 0.5141287284,
        "6": 0.5141287284,
        "7": 0.5141863856
    },
    "F1": {
        "0": 0.801771499,
        "1": 0.8029827316,
        "2": 0.7993944831,
        "3": 0.8049792531,
        "4": 0.5141832044,
        "5": 0.5141287284,
        "6": 0.5141287284,
        "7": 0.5141863856
    },
    "F2": {
        "0": 0.801771499,
        "1": 0.8029827316,
        "2": 0.7993944831,
        "3": 0.8049792531,
        "4": 0.7142857143,
        "5": 0.7142857143,
        "6": 0.7142857143,
        "7": 0.7142857143
    },
    "GINI": {
        "0": 0.8780212442,
        "1": 0.8787016449,
        "2": 0.8743627494,
        "3": 0.8805467564,
        "4": 0.4599170311,
        "5": 0.4598564701,
        "6": 0.4598564701,
        "7": 0.4600201862
    },
    "LOGLOSS": {
        "0": 0.4574947494,
        "1": 0.4566085751,
        "2": 0.4664400578,
        "3": 0.4523722532,
        "4": 0.8628082617,
        "5": 0.8628304042,
        "6": 0.8628304042,
        "7": 0.8626003364
    },
    "MACROAUC": {
        "0": 0.9187350341,
        "1": 0.9199595904,
        "2": 0.9151348784,
        "3": 0.9204225731,
        "4": 0.5,
        "5": 0.5,
        "6": 0.5,
        "7": 0.5
    },
    "MCC": {
        "0": 0.7026572486,
        "1": 0.7044740973,
        "2": 0.6990917246,
        "3": 0.7074688797,
        "4": 0.2712748066,
        "5": 0.2711930926,
        "6": 0.2711930926,
        "7": 0.2712795783
    }
}