{
    "index": {
        "0": 0
    },
    "booster": {
        "0": "lightgbm"
    },
    "model_class_name": {
        "0": "LightGBMModel"
    },
    "n_gpus": {
        "0": 1
    },
    "gpu_id": {
        "0": 0
    },
    "n_jobs": {
        "0": 2
    },
    "num_classes": {
        "0": 3
    },
    "num_class": {
        "0": 3
    },
    "labels": {
        "0": "['High', 'Low', 'Mid']"
    },
    "score_f_name": {
        "0": "GINI"
    },
    "random_state": {
        "0": 254274048
    },
    "time_column": {
        "0": ""
    },
    "encoder": {
        "0": ""
    },
    "tgc": {
        "0": ""
    },
    "pred_gap": {
        "0": ""
    },
    "pred_periods": {
        "0": ""
    },
    "target": {
        "0": ""
    },
    "tsp": {
        "0": ""
    },
    "n_estimators": {
        "0": 320
    },
    "learning_rate": {
        "0": 0.05
    },
    "early_stopping_rounds": {
        "0": ""
    },
    "reg_alpha": {
        "0": 0.0
    },
    "reg_lambda": {
        "0": 1.0
    },
    "gamma": {
        "0": 0
    },
    "max_bin": {
        "0": 256
    },
    "scale_pos_weight": {
        "0": 1
    },
    "max_delta_step": {
        "0": 0
    },
    "min_child_weight": {
        "0": 1
    },
    "subsample": {
        "0": 0.7
    },
    "colsample_bytree": {
        "0": 0.8
    },
    "tree_method": {
        "0": "gpu_hist"
    },
    "grow_policy": {
        "0": "depthwise"
    },
    "max_leaves": {
        "0": 64
    },
    "max_depth": {
        "0": 6
    },
    "min_data_in_bin": {
        "0": 1
    },
    "min_child_samples": {
        "0": 1
    },
    "boosting_type": {
        "0": "gbdt"
    },
    "enable_early_stopping_rounds": {
        "0": false
    },
    "objective": {
        "0": "multi:softprob"
    },
    "eval_metric": {
        "0": "mlogloss"
    },
    "monotonicity_constraints": {
        "0": false
    },
    "silent": {
        "0": true
    },
    "seed": {
        "0": 254274048
    },
    "disable_gpus": {
        "0": false
    },
    "lossguide": {
        "0": false
    },
    "dummy": {
        "0": false
    },
    "accuracy": {
        "0": 2
    },
    "time_tolerance": {
        "0": 5
    },
    "interpretability": {
        "0": 5
    },
    "ensemble_level": {
        "0": 1
    },
    "train_shape": {
        "0": [
            35672,
            28
        ]
    },
    "valid_shape": {
        "0": ""
    },
    "model_origin": {
        "0": "DefaultIndiv: do_te:only,interp:5,depth:6,num_as_cat:False"
    }
}