{
    "Coefficient": {
        "10_htub": 0.0014340717,
        "12_latitude": 0.0578705296,
        "13_longitude": 0.0433106646,
        "14_maximum_nights": 0.0385756493,
        "15_minimum_nights": 0.0102770468,
        "19_pool": 0.003549244,
        "20_security_deposit": 0.0236731246,
        "21_washer": 0.0018738881,
        "22_wifi": 0.0041215722,
        "23_CVTE:amenities.0": 0.0718151629,
        "23_CVTE:amenities.1": 0.0870623514,
        "23_CVTE:amenities.2": 0.0570054464,
        "24_CVTE:location.0": 0.0902072489,
        "24_CVTE:location.1": 0.1375270635,
        "24_CVTE:location.2": 0.0767709538,
        "25_CVTE:zipcode.0": 0.078462176,
        "25_CVTE:zipcode.1": 0.1534063369,
        "25_CVTE:zipcode.2": 0.0731210485,
        "26_Txt:amenities.0": 0.0092849853,
        "26_Txt:amenities.1": 0.0013137369,
        "26_Txt:amenities.10": 0.0021853643,
        "26_Txt:amenities.11": 0.0002295937,
        "26_Txt:amenities.12": 0.0229279157,
        "26_Txt:amenities.13": 0.0188488346,
        "26_Txt:amenities.14": 0.0153510058,
        "26_Txt:amenities.15": 0.0166767053,
        "26_Txt:amenities.16": 0.0233097859,
        "26_Txt:amenities.17": 0.0195635092,
        "26_Txt:amenities.18": 0.0221349634,
        "26_Txt:amenities.2": 0.0168055128,
        "26_Txt:amenities.3": 0.0074611316,
        "26_Txt:amenities.5": 0.019387871,
        "26_Txt:amenities.6": 0.0141616911,
        "26_Txt:amenities.7": 0.0155170914,
        "26_Txt:amenities.8": 0.029915303,
        "26_Txt:amenities.9": 0.0071078162,
        "28_ClusterDist6:cleaning_fee:extra_people:guests_included:security_deposit.0": 0.1204125285,
        "28_ClusterDist6:cleaning_fee:extra_people:guests_included:security_deposit.1": 0.1344594359,
        "28_ClusterDist6:cleaning_fee:extra_people:guests_included:security_deposit.2": 0.3675785363,
        "28_ClusterDist6:cleaning_fee:extra_people:guests_included:security_deposit.3": 0.0565151609,
        "28_ClusterDist6:cleaning_fee:extra_people:guests_included:security_deposit.4": 0.057112813,
        "28_ClusterDist6:cleaning_fee:extra_people:guests_included:security_deposit.5": 0.1193114221,
        "29_TruncSVD:cleaning_fee:extra_people:guests_included:security_deposit.0": 0.0670064613,
        "2_cleaning_fee": 1.0,
        "30_NumToCatTE:bbq.0": 0.0083285877,
        "30_NumToCatTE:bbq.1": 0.0074398075,
        "30_NumToCatTE:bbq.2": 0.0046403157,
        "31_TruncSVD:coffee:guests_included:minimum_nights.0": 0.0485871024,
        "31_TruncSVD:coffee:guests_included:minimum_nights.1": 0.0798693597,
        "33_ClusterTE:ClusterID50:cleaning_fee:extra_people:guests_included:latitude:longitude:minimum_nights:security_deposit.0": 0.1459530592,
        "33_ClusterTE:ClusterID50:cleaning_fee:extra_people:guests_included:latitude:longitude:minimum_nights:security_deposit.1": 0.1257286221,
        "33_ClusterTE:ClusterID50:cleaning_fee:extra_people:guests_included:latitude:longitude:minimum_nights:security_deposit.2": 0.0575851798,
        "34_ClusterDist6:cleaning_fee:extra_people:guests_included:latitude:minimum_nights:security_deposit.0": 0.1169307902,
        "34_ClusterDist6:cleaning_fee:extra_people:guests_included:latitude:minimum_nights:security_deposit.1": 0.0427484736,
        "34_ClusterDist6:cleaning_fee:extra_people:guests_included:latitude:minimum_nights:security_deposit.2": 0.0437923856,
        "34_ClusterDist6:cleaning_fee:extra_people:guests_included:latitude:minimum_nights:security_deposit.3": 0.0583422855,
        "34_ClusterDist6:cleaning_fee:extra_people:guests_included:latitude:minimum_nights:security_deposit.4": 0.0402742401,
        "34_ClusterDist6:cleaning_fee:extra_people:guests_included:latitude:minimum_nights:security_deposit.5": 0.0655918643,
        "36_NumToCatTE:longitude.0": 0.0430246219,
        "36_NumToCatTE:longitude.1": 0.0404664166,
        "36_NumToCatTE:longitude.2": 0.042051781,
        "3_coffee": 0.000753538,
        "5_dryer": 0.0034724912,
        "6_extra_people": 0.0282323509,
        "7_guests_included": 0.0173246134
    },
    "Standard Deviation of Coefficient": {
        "10_htub": 0.0,
        "12_latitude": 0.0,
        "13_longitude": 0.0,
        "14_maximum_nights": 0.0,
        "15_minimum_nights": 0.0,
        "19_pool": 0.0,
        "20_security_deposit": 0.0,
        "21_washer": 0.0,
        "22_wifi": 0.0,
        "23_CVTE:amenities.0": 0.0,
        "23_CVTE:amenities.1": 0.0,
        "23_CVTE:amenities.2": 0.0,
        "24_CVTE:location.0": 0.0,
        "24_CVTE:location.1": 0.0,
        "24_CVTE:location.2": 0.0,
        "25_CVTE:zipcode.0": 0.0,
        "25_CVTE:zipcode.1": 0.0,
        "25_CVTE:zipcode.2": 0.0,
        "26_Txt:amenities.0": 0.0,
        "26_Txt:amenities.1": 0.0,
        "26_Txt:amenities.10": 0.0,
        "26_Txt:amenities.11": 0.0,
        "26_Txt:amenities.12": 0.0,
        "26_Txt:amenities.13": 0.0,
        "26_Txt:amenities.14": 0.0,
        "26_Txt:amenities.15": 0.0,
        "26_Txt:amenities.16": 0.0,
        "26_Txt:amenities.17": 0.0,
        "26_Txt:amenities.18": 0.0,
        "26_Txt:amenities.2": 0.0,
        "26_Txt:amenities.3": 0.0,
        "26_Txt:amenities.5": 0.0,
        "26_Txt:amenities.6": 0.0,
        "26_Txt:amenities.7": 0.0,
        "26_Txt:amenities.8": 0.0,
        "26_Txt:amenities.9": 0.0,
        "28_ClusterDist6:cleaning_fee:extra_people:guests_included:security_deposit.0": 0.0,
        "28_ClusterDist6:cleaning_fee:extra_people:guests_included:security_deposit.1": 0.0,
        "28_ClusterDist6:cleaning_fee:extra_people:guests_included:security_deposit.2": 0.0,
        "28_ClusterDist6:cleaning_fee:extra_people:guests_included:security_deposit.3": 0.0,
        "28_ClusterDist6:cleaning_fee:extra_people:guests_included:security_deposit.4": 0.0,
        "28_ClusterDist6:cleaning_fee:extra_people:guests_included:security_deposit.5": 0.0,
        "29_TruncSVD:cleaning_fee:extra_people:guests_included:security_deposit.0": 0.0,
        "2_cleaning_fee": 0.0,
        "30_NumToCatTE:bbq.0": 0.0,
        "30_NumToCatTE:bbq.1": 0.0,
        "30_NumToCatTE:bbq.2": 0.0,
        "31_TruncSVD:coffee:guests_included:minimum_nights.0": 0.0,
        "31_TruncSVD:coffee:guests_included:minimum_nights.1": 0.0,
        "33_ClusterTE:ClusterID50:cleaning_fee:extra_people:guests_included:latitude:longitude:minimum_nights:security_deposit.0": 0.0,
        "33_ClusterTE:ClusterID50:cleaning_fee:extra_people:guests_included:latitude:longitude:minimum_nights:security_deposit.1": 0.0,
        "33_ClusterTE:ClusterID50:cleaning_fee:extra_people:guests_included:latitude:longitude:minimum_nights:security_deposit.2": 0.0,
        "34_ClusterDist6:cleaning_fee:extra_people:guests_included:latitude:minimum_nights:security_deposit.0": 0.0,
        "34_ClusterDist6:cleaning_fee:extra_people:guests_included:latitude:minimum_nights:security_deposit.1": 0.0,
        "34_ClusterDist6:cleaning_fee:extra_people:guests_included:latitude:minimum_nights:security_deposit.2": 0.0,
        "34_ClusterDist6:cleaning_fee:extra_people:guests_included:latitude:minimum_nights:security_deposit.3": 0.0,
        "34_ClusterDist6:cleaning_fee:extra_people:guests_included:latitude:minimum_nights:security_deposit.4": 0.0,
        "34_ClusterDist6:cleaning_fee:extra_people:guests_included:latitude:minimum_nights:security_deposit.5": 0.0,
        "36_NumToCatTE:longitude.0": 0.0,
        "36_NumToCatTE:longitude.1": 0.0,
        "36_NumToCatTE:longitude.2": 0.0,
        "3_coffee": 0.0,
        "5_dryer": 0.0,
        "6_extra_people": 0.0,
        "7_guests_included": 0.0
    },
    "Description": {
        "10_htub": "htub (Orig)",
        "12_latitude": "latitude (Orig)",
        "13_longitude": "longitude (Orig)",
        "14_maximum_nights": "maximum_nights (Orig)",
        "15_minimum_nights": "minimum_nights (Orig)",
        "19_pool": "pool (Orig)",
        "20_security_deposit": "security_deposit (Orig)",
        "21_washer": "washer (Orig)",
        "22_wifi": "wifi (Orig)",
        "23_CVTE:amenities.0": "Out-of-fold mean of the response (class 0) grouped by: ['amenities'] using 5 folds [internal:(10, 3, 10)]",
        "23_CVTE:amenities.1": "Out-of-fold mean of the response (class 1) grouped by: ['amenities'] using 5 folds [internal:(10, 3, 10)]",
        "23_CVTE:amenities.2": "Out-of-fold mean of the response (class 2) grouped by: ['amenities'] using 5 folds [internal:(10, 3, 10)]",
        "24_CVTE:location.0": "Out-of-fold mean of the response (class 0) grouped by: ['location'] using 5 folds [internal:(10, 3, 10)]",
        "24_CVTE:location.1": "Out-of-fold mean of the response (class 1) grouped by: ['location'] using 5 folds [internal:(10, 3, 10)]",
        "24_CVTE:location.2": "Out-of-fold mean of the response (class 2) grouped by: ['location'] using 5 folds [internal:(10, 3, 10)]",
        "25_CVTE:zipcode.0": "Out-of-fold mean of the response (class 0) grouped by: ['zipcode'] using 5 folds [internal:(10, 3, 10)]",
        "25_CVTE:zipcode.1": "Out-of-fold mean of the response (class 1) grouped by: ['zipcode'] using 5 folds [internal:(10, 3, 10)]",
        "25_CVTE:zipcode.2": "Out-of-fold mean of the response (class 2) grouped by: ['zipcode'] using 5 folds [internal:(10, 3, 10)]",
        "26_Txt:amenities.0": "Feature #1 of tf-idf-based word embedding  (followed by dimensionality reduction to 50 dimensions) of 'amenities' [internal:(True, 1, 50)]",
        "26_Txt:amenities.1": "Feature #2 of tf-idf-based word embedding  (followed by dimensionality reduction to 50 dimensions) of 'amenities' [internal:(True, 1, 50)]",
        "26_Txt:amenities.10": "Feature #11 of tf-idf-based word embedding  (followed by dimensionality reduction to 50 dimensions) of 'amenities' [internal:(True, 1, 50)]",
        "26_Txt:amenities.11": "Feature #12 of tf-idf-based word embedding  (followed by dimensionality reduction to 50 dimensions) of 'amenities' [internal:(True, 1, 50)]",
        "26_Txt:amenities.12": "Feature #13 of tf-idf-based word embedding  (followed by dimensionality reduction to 50 dimensions) of 'amenities' [internal:(True, 1, 50)]",
        "26_Txt:amenities.13": "Feature #14 of tf-idf-based word embedding  (followed by dimensionality reduction to 50 dimensions) of 'amenities' [internal:(True, 1, 50)]",
        "26_Txt:amenities.14": "Feature #15 of tf-idf-based word embedding  (followed by dimensionality reduction to 50 dimensions) of 'amenities' [internal:(True, 1, 50)]",
        "26_Txt:amenities.15": "Feature #16 of tf-idf-based word embedding  (followed by dimensionality reduction to 50 dimensions) of 'amenities' [internal:(True, 1, 50)]",
        "26_Txt:amenities.16": "Feature #17 of tf-idf-based word embedding  (followed by dimensionality reduction to 50 dimensions) of 'amenities' [internal:(True, 1, 50)]",
        "26_Txt:amenities.17": "Feature #18 of tf-idf-based word embedding  (followed by dimensionality reduction to 50 dimensions) of 'amenities' [internal:(True, 1, 50)]",
        "26_Txt:amenities.18": "Feature #19 of tf-idf-based word embedding  (followed by dimensionality reduction to 50 dimensions) of 'amenities' [internal:(True, 1, 50)]",
        "26_Txt:amenities.2": "Feature #3 of tf-idf-based word embedding  (followed by dimensionality reduction to 50 dimensions) of 'amenities' [internal:(True, 1, 50)]",
        "26_Txt:amenities.3": "Feature #4 of tf-idf-based word embedding  (followed by dimensionality reduction to 50 dimensions) of 'amenities' [internal:(True, 1, 50)]",
        "26_Txt:amenities.5": "Feature #6 of tf-idf-based word embedding  (followed by dimensionality reduction to 50 dimensions) of 'amenities' [internal:(True, 1, 50)]",
        "26_Txt:amenities.6": "Feature #7 of tf-idf-based word embedding  (followed by dimensionality reduction to 50 dimensions) of 'amenities' [internal:(True, 1, 50)]",
        "26_Txt:amenities.7": "Feature #8 of tf-idf-based word embedding  (followed by dimensionality reduction to 50 dimensions) of 'amenities' [internal:(True, 1, 50)]",
        "26_Txt:amenities.8": "Feature #9 of tf-idf-based word embedding  (followed by dimensionality reduction to 50 dimensions) of 'amenities' [internal:(True, 1, 50)]",
        "26_Txt:amenities.9": "Feature #10 of tf-idf-based word embedding  (followed by dimensionality reduction to 50 dimensions) of 'amenities' [internal:(True, 1, 50)]",
        "28_ClusterDist6:cleaning_fee:extra_people:guests_included:security_deposit.0": "Distances to cluster center after segmenting columns ['cleaning_fee', 'extra_people', 'guests_included', 'security_deposit'] into 6 clusters. Distance to cluster #0 [internal:False]",
        "28_ClusterDist6:cleaning_fee:extra_people:guests_included:security_deposit.1": "Distances to cluster center after segmenting columns ['cleaning_fee', 'extra_people', 'guests_included', 'security_deposit'] into 6 clusters. Distance to cluster #1 [internal:False]",
        "28_ClusterDist6:cleaning_fee:extra_people:guests_included:security_deposit.2": "Distances to cluster center after segmenting columns ['cleaning_fee', 'extra_people', 'guests_included', 'security_deposit'] into 6 clusters. Distance to cluster #2 [internal:False]",
        "28_ClusterDist6:cleaning_fee:extra_people:guests_included:security_deposit.3": "Distances to cluster center after segmenting columns ['cleaning_fee', 'extra_people', 'guests_included', 'security_deposit'] into 6 clusters. Distance to cluster #3 [internal:False]",
        "28_ClusterDist6:cleaning_fee:extra_people:guests_included:security_deposit.4": "Distances to cluster center after segmenting columns ['cleaning_fee', 'extra_people', 'guests_included', 'security_deposit'] into 6 clusters. Distance to cluster #4 [internal:False]",
        "28_ClusterDist6:cleaning_fee:extra_people:guests_included:security_deposit.5": "Distances to cluster center after segmenting columns ['cleaning_fee', 'extra_people', 'guests_included', 'security_deposit'] into 6 clusters. Distance to cluster #5 [internal:False]",
        "29_TruncSVD:cleaning_fee:extra_people:guests_included:security_deposit.0": "Component #1 of truncated SVD of ['cleaning_fee', 'extra_people', 'guests_included', 'security_deposit'] into 1 components",
        "2_cleaning_fee": "cleaning_fee (Orig)",
        "30_NumToCatTE:bbq.0": "Out-of-fold mean of the response (class 0) grouped by: ['bbq'] using 5 folds (numeric columns are bucketed into 10 equally populated bins) [internal:(100, 3, 10)]",
        "30_NumToCatTE:bbq.1": "Out-of-fold mean of the response (class 1) grouped by: ['bbq'] using 5 folds (numeric columns are bucketed into 10 equally populated bins) [internal:(100, 3, 10)]",
        "30_NumToCatTE:bbq.2": "Out-of-fold mean of the response (class 2) grouped by: ['bbq'] using 5 folds (numeric columns are bucketed into 10 equally populated bins) [internal:(100, 3, 10)]",
        "31_TruncSVD:coffee:guests_included:minimum_nights.0": "Component #1 of truncated SVD of ['coffee', 'guests_included', 'minimum_nights'] into 2 components",
        "31_TruncSVD:coffee:guests_included:minimum_nights.1": "Component #2 of truncated SVD of ['coffee', 'guests_included', 'minimum_nights'] into 2 components",
        "33_ClusterTE:ClusterID50:cleaning_fee:extra_people:guests_included:latitude:longitude:minimum_nights:security_deposit.0": "Out-of-fold mean of the response (class 0) grouped by: ['ClusterID50:cleaning_fee:extra_people:guests_included:latitude:longitude:minimum_nights:security_deposit'] using 5 folds (Clustered into 50 clusters) [internal:(50, False, 100, 3, 10)]",
        "33_ClusterTE:ClusterID50:cleaning_fee:extra_people:guests_included:latitude:longitude:minimum_nights:security_deposit.1": "Out-of-fold mean of the response (class 1) grouped by: ['ClusterID50:cleaning_fee:extra_people:guests_included:latitude:longitude:minimum_nights:security_deposit'] using 5 folds (Clustered into 50 clusters) [internal:(50, False, 100, 3, 10)]",
        "33_ClusterTE:ClusterID50:cleaning_fee:extra_people:guests_included:latitude:longitude:minimum_nights:security_deposit.2": "Out-of-fold mean of the response (class 2) grouped by: ['ClusterID50:cleaning_fee:extra_people:guests_included:latitude:longitude:minimum_nights:security_deposit'] using 5 folds (Clustered into 50 clusters) [internal:(50, False, 100, 3, 10)]",
        "34_ClusterDist6:cleaning_fee:extra_people:guests_included:latitude:minimum_nights:security_deposit.0": "Distances to cluster center after segmenting columns ['cleaning_fee', 'extra_people', 'guests_included', 'latitude', 'minimum_nights', 'security_deposit'] into 6 clusters. Distance to cluster #0 [internal:False]",
        "34_ClusterDist6:cleaning_fee:extra_people:guests_included:latitude:minimum_nights:security_deposit.1": "Distances to cluster center after segmenting columns ['cleaning_fee', 'extra_people', 'guests_included', 'latitude', 'minimum_nights', 'security_deposit'] into 6 clusters. Distance to cluster #1 [internal:False]",
        "34_ClusterDist6:cleaning_fee:extra_people:guests_included:latitude:minimum_nights:security_deposit.2": "Distances to cluster center after segmenting columns ['cleaning_fee', 'extra_people', 'guests_included', 'latitude', 'minimum_nights', 'security_deposit'] into 6 clusters. Distance to cluster #2 [internal:False]",
        "34_ClusterDist6:cleaning_fee:extra_people:guests_included:latitude:minimum_nights:security_deposit.3": "Distances to cluster center after segmenting columns ['cleaning_fee', 'extra_people', 'guests_included', 'latitude', 'minimum_nights', 'security_deposit'] into 6 clusters. Distance to cluster #3 [internal:False]",
        "34_ClusterDist6:cleaning_fee:extra_people:guests_included:latitude:minimum_nights:security_deposit.4": "Distances to cluster center after segmenting columns ['cleaning_fee', 'extra_people', 'guests_included', 'latitude', 'minimum_nights', 'security_deposit'] into 6 clusters. Distance to cluster #4 [internal:False]",
        "34_ClusterDist6:cleaning_fee:extra_people:guests_included:latitude:minimum_nights:security_deposit.5": "Distances to cluster center after segmenting columns ['cleaning_fee', 'extra_people', 'guests_included', 'latitude', 'minimum_nights', 'security_deposit'] into 6 clusters. Distance to cluster #5 [internal:False]",
        "36_NumToCatTE:longitude.0": "Out-of-fold mean of the response (class 0) grouped by: ['longitude'] using 5 folds (numeric columns are bucketed into 100 equally populated bins) [internal:(10, 1, 20)]",
        "36_NumToCatTE:longitude.1": "Out-of-fold mean of the response (class 1) grouped by: ['longitude'] using 5 folds (numeric columns are bucketed into 100 equally populated bins) [internal:(10, 1, 20)]",
        "36_NumToCatTE:longitude.2": "Out-of-fold mean of the response (class 2) grouped by: ['longitude'] using 5 folds (numeric columns are bucketed into 100 equally populated bins) [internal:(10, 1, 20)]",
        "3_coffee": "coffee (Orig)",
        "5_dryer": "dryer (Orig)",
        "6_extra_people": "extra_people (Orig)",
        "7_guests_included": "guests_included (Orig)"
    },
    "Feature": {
        "10_htub": "10_htub",
        "12_latitude": "12_latitude",
        "13_longitude": "13_longitude",
        "14_maximum_nights": "14_maximum_nights",
        "15_minimum_nights": "15_minimum_nights",
        "19_pool": "19_pool",
        "20_security_deposit": "20_security_deposit",
        "21_washer": "21_washer",
        "22_wifi": "22_wifi",
        "23_CVTE:amenities.0": "23_CVTE:amenities.0",
        "23_CVTE:amenities.1": "23_CVTE:amenities.1",
        "23_CVTE:amenities.2": "23_CVTE:amenities.2",
        "24_CVTE:location.0": "24_CVTE:location.0",
        "24_CVTE:location.1": "24_CVTE:location.1",
        "24_CVTE:location.2": "24_CVTE:location.2",
        "25_CVTE:zipcode.0": "25_CVTE:zipcode.0",
        "25_CVTE:zipcode.1": "25_CVTE:zipcode.1",
        "25_CVTE:zipcode.2": "25_CVTE:zipcode.2",
        "26_Txt:amenities.0": "26_Txt:amenities.0",
        "26_Txt:amenities.1": "26_Txt:amenities.1",
        "26_Txt:amenities.10": "26_Txt:amenities.10",
        "26_Txt:amenities.11": "26_Txt:amenities.11",
        "26_Txt:amenities.12": "26_Txt:amenities.12",
        "26_Txt:amenities.13": "26_Txt:amenities.13",
        "26_Txt:amenities.14": "26_Txt:amenities.14",
        "26_Txt:amenities.15": "26_Txt:amenities.15",
        "26_Txt:amenities.16": "26_Txt:amenities.16",
        "26_Txt:amenities.17": "26_Txt:amenities.17",
        "26_Txt:amenities.18": "26_Txt:amenities.18",
        "26_Txt:amenities.2": "26_Txt:amenities.2",
        "26_Txt:amenities.3": "26_Txt:amenities.3",
        "26_Txt:amenities.5": "26_Txt:amenities.5",
        "26_Txt:amenities.6": "26_Txt:amenities.6",
        "26_Txt:amenities.7": "26_Txt:amenities.7",
        "26_Txt:amenities.8": "26_Txt:amenities.8",
        "26_Txt:amenities.9": "26_Txt:amenities.9",
        "28_ClusterDist6:cleaning_fee:extra_people:guests_included:security_deposit.0": "28_ClusterDist6:cleaning_fee:extra_people:guests_included:security_deposit.0",
        "28_ClusterDist6:cleaning_fee:extra_people:guests_included:security_deposit.1": "28_ClusterDist6:cleaning_fee:extra_people:guests_included:security_deposit.1",
        "28_ClusterDist6:cleaning_fee:extra_people:guests_included:security_deposit.2": "28_ClusterDist6:cleaning_fee:extra_people:guests_included:security_deposit.2",
        "28_ClusterDist6:cleaning_fee:extra_people:guests_included:security_deposit.3": "28_ClusterDist6:cleaning_fee:extra_people:guests_included:security_deposit.3",
        "28_ClusterDist6:cleaning_fee:extra_people:guests_included:security_deposit.4": "28_ClusterDist6:cleaning_fee:extra_people:guests_included:security_deposit.4",
        "28_ClusterDist6:cleaning_fee:extra_people:guests_included:security_deposit.5": "28_ClusterDist6:cleaning_fee:extra_people:guests_included:security_deposit.5",
        "29_TruncSVD:cleaning_fee:extra_people:guests_included:security_deposit.0": "29_TruncSVD:cleaning_fee:extra_people:guests_included:security_deposit.0",
        "2_cleaning_fee": "2_cleaning_fee",
        "30_NumToCatTE:bbq.0": "30_NumToCatTE:bbq.0",
        "30_NumToCatTE:bbq.1": "30_NumToCatTE:bbq.1",
        "30_NumToCatTE:bbq.2": "30_NumToCatTE:bbq.2",
        "31_TruncSVD:coffee:guests_included:minimum_nights.0": "31_TruncSVD:coffee:guests_included:minimum_nights.0",
        "31_TruncSVD:coffee:guests_included:minimum_nights.1": "31_TruncSVD:coffee:guests_included:minimum_nights.1",
        "33_ClusterTE:ClusterID50:cleaning_fee:extra_people:guests_included:latitude:longitude:minimum_nights:security_deposit.0": "33_ClusterTE:ClusterID50:cleaning_fee:extra_people:guests_included:latitude:longitude:minimum_nights:security_deposit.0",
        "33_ClusterTE:ClusterID50:cleaning_fee:extra_people:guests_included:latitude:longitude:minimum_nights:security_deposit.1": "33_ClusterTE:ClusterID50:cleaning_fee:extra_people:guests_included:latitude:longitude:minimum_nights:security_deposit.1",
        "33_ClusterTE:ClusterID50:cleaning_fee:extra_people:guests_included:latitude:longitude:minimum_nights:security_deposit.2": "33_ClusterTE:ClusterID50:cleaning_fee:extra_people:guests_included:latitude:longitude:minimum_nights:security_deposit.2",
        "34_ClusterDist6:cleaning_fee:extra_people:guests_included:latitude:minimum_nights:security_deposit.0": "34_ClusterDist6:cleaning_fee:extra_people:guests_included:latitude:minimum_nights:security_deposit.0",
        "34_ClusterDist6:cleaning_fee:extra_people:guests_included:latitude:minimum_nights:security_deposit.1": "34_ClusterDist6:cleaning_fee:extra_people:guests_included:latitude:minimum_nights:security_deposit.1",
        "34_ClusterDist6:cleaning_fee:extra_people:guests_included:latitude:minimum_nights:security_deposit.2": "34_ClusterDist6:cleaning_fee:extra_people:guests_included:latitude:minimum_nights:security_deposit.2",
        "34_ClusterDist6:cleaning_fee:extra_people:guests_included:latitude:minimum_nights:security_deposit.3": "34_ClusterDist6:cleaning_fee:extra_people:guests_included:latitude:minimum_nights:security_deposit.3",
        "34_ClusterDist6:cleaning_fee:extra_people:guests_included:latitude:minimum_nights:security_deposit.4": "34_ClusterDist6:cleaning_fee:extra_people:guests_included:latitude:minimum_nights:security_deposit.4",
        "34_ClusterDist6:cleaning_fee:extra_people:guests_included:latitude:minimum_nights:security_deposit.5": "34_ClusterDist6:cleaning_fee:extra_people:guests_included:latitude:minimum_nights:security_deposit.5",
        "36_NumToCatTE:longitude.0": "36_NumToCatTE:longitude.0",
        "36_NumToCatTE:longitude.1": "36_NumToCatTE:longitude.1",
        "36_NumToCatTE:longitude.2": "36_NumToCatTE:longitude.2",
        "3_coffee": "3_coffee",
        "5_dryer": "5_dryer",
        "6_extra_people": "6_extra_people",
        "7_guests_included": "7_guests_included"
    }
}