{
    "Relative Importance": {
        "cleaning_fee": 1.0,
        "guests_included": 0.6738804959,
        "extra_people": 0.6290033214,
        "security_deposit": 0.6272627223,
        "minimum_nights": 0.3190419609,
        "latitude": 0.2881704899,
        "longitude": 0.190169938,
        "amenities": 0.1825136038,
        "zipcode": 0.1164374163,
        "location": 0.1162525245,
        "coffee": 0.0493291591,
        "maximum_nights": 0.0147272218,
        "bbq": 0.0077915374,
        "wifi": 0.0015735136,
        "pool": 0.0013550129,
        "dryer": 0.0013257106,
        "washer": 0.0007154038,
        "htub": 0.0005474928,
        "ac": 0.0,
        "dishwasher": 0.0,
        "heating": 0.0,
        "hr": 0.0,
        "iron": 0.0,
        "park": 0.0,
        "parking": 0.0,
        "pet": 0.0
    },
    "Standard Deviation of Relative Importance": {
        "cleaning_fee": 0.0856912754,
        "guests_included": 0.0283948023,
        "extra_people": 0.0294510064,
        "security_deposit": 0.0295448661,
        "minimum_nights": 0.0147123019,
        "latitude": 0.0140513159,
        "longitude": 0.0158809661,
        "amenities": 0.0083758831,
        "zipcode": 0.0139931448,
        "location": 0.0099481564,
        "coffee": 0.0124205353,
        "maximum_nights": 0.0,
        "bbq": 0.0006000125,
        "wifi": 0.0,
        "pool": 0.0,
        "dryer": 0.0,
        "washer": 0.0,
        "htub": 0.0,
        "ac": 0.0,
        "dishwasher": 0.0,
        "heating": 0.0,
        "hr": 0.0,
        "iron": 0.0,
        "park": 0.0,
        "parking": 0.0,
        "pet": 0.0
    },
    "Original Feature": {
        "cleaning_fee": "cleaning_fee",
        "guests_included": "guests_included",
        "extra_people": "extra_people",
        "security_deposit": "security_deposit",
        "minimum_nights": "minimum_nights",
        "latitude": "latitude",
        "longitude": "longitude",
        "amenities": "amenities",
        "zipcode": "zipcode",
        "location": "location",
        "coffee": "coffee",
        "maximum_nights": "maximum_nights",
        "bbq": "bbq",
        "wifi": "wifi",
        "pool": "pool",
        "dryer": "dryer",
        "washer": "washer",
        "htub": "htub",
        "ac": "ac",
        "dishwasher": "dishwasher",
        "heating": "heating",
        "hr": "hr",
        "iron": "iron",
        "park": "park",
        "parking": "parking",
        "pet": "pet"
    }
}