{
    "index": {
        "0": 0
    },
    "MCC": {
        "0": "0.7034229"
    },
    "MACROAUC": {
        "0": "0.9185"
    },
    "LOGLOSS": {
        "0": "0.4582291"
    },
    "F2": {
        "0": "0.8022819"
    },
    "F1": {
        "0": "0.8022819"
    },
    "F05": {
        "0": "0.8022819"
    },
    "AUCPR": {
        "0": "0.8811375"
    },
    "AUC": {
        "0": "0.9389417"
    },
    "ACCURACY": {
        "0": "0.8022819"
    },
    "GINI": {
        "0": "0.8778835"
    }
}