{
    "Optimized": {
        "MCC": "",
        "MACROAUC": "",
        "LOGLOSS": "",
        "F2": "",
        "F1": "",
        "F05": "",
        "AUCPR": "",
        "AUC": "",
        "ACCURACY": "",
        "GINI": "*"
    },
    "Better score is": {
        "MCC": "higher",
        "MACROAUC": "higher",
        "LOGLOSS": "lower",
        "F2": "higher",
        "F1": "higher",
        "F05": "higher",
        "AUCPR": "higher",
        "AUC": "higher",
        "ACCURACY": "higher",
        "GINI": "higher"
    },
    "Final ensemble scores on validation (internal or external holdout(s)) data": {
        "MCC": "0.7034229",
        "MACROAUC": "0.9185",
        "LOGLOSS": "0.4582291",
        "F2": "0.8022819",
        "F1": "0.8022819",
        "F05": "0.8022819",
        "AUCPR": "0.8811375",
        "AUC": "0.9389417",
        "ACCURACY": "0.8022819",
        "GINI": "0.8778835"
    },
    "Final ensemble standard deviation on validation (internal or external holdout(s)) data": {
        "MCC": "0.002248626",
        "MACROAUC": "0.001168665",
        "LOGLOSS": "0.002811727",
        "F2": "0.001499084",
        "F1": "0.001499084",
        "F05": "0.001499084",
        "AUCPR": "0.001282114",
        "AUC": "0.0006388605",
        "ACCURACY": "0.001499084",
        "GINI": "0.001277721"
    }
}