{
    "Relative Importance": {
        "2_cleaning_fee": 1.0,
        "28_ClusterDist6:cleaning_fee:extra_people:guests_included:security_deposit.2": 0.3675785363,
        "25_CVTE:zipcode.1": 0.1534063369,
        "33_ClusterTE:ClusterID50:cleaning_fee:extra_people:guests_included:latitude:longitude:minimum_nights:security_deposit.0": 0.1459530592,
        "24_CVTE:location.1": 0.1375270635,
        "28_ClusterDist6:cleaning_fee:extra_people:guests_included:security_deposit.1": 0.1344594359,
        "33_ClusterTE:ClusterID50:cleaning_fee:extra_people:guests_included:latitude:longitude:minimum_nights:security_deposit.1": 0.1257286221,
        "28_ClusterDist6:cleaning_fee:extra_people:guests_included:security_deposit.0": 0.1204125285,
        "28_ClusterDist6:cleaning_fee:extra_people:guests_included:security_deposit.5": 0.1193114221,
        "34_ClusterDist6:cleaning_fee:extra_people:guests_included:latitude:minimum_nights:security_deposit.0": 0.1169307902,
        "24_CVTE:location.0": 0.0902072489,
        "23_CVTE:amenities.1": 0.0870623514,
        "31_TruncSVD:coffee:guests_included:minimum_nights.1": 0.0798693597,
        "25_CVTE:zipcode.0": 0.078462176,
        "24_CVTE:location.2": 0.0767709538,
        "25_CVTE:zipcode.2": 0.0731210485,
        "23_CVTE:amenities.0": 0.0718151629,
        "29_TruncSVD:cleaning_fee:extra_people:guests_included:security_deposit.0": 0.0670064613,
        "34_ClusterDist6:cleaning_fee:extra_people:guests_included:latitude:minimum_nights:security_deposit.5": 0.0655918643,
        "34_ClusterDist6:cleaning_fee:extra_people:guests_included:latitude:minimum_nights:security_deposit.3": 0.0583422855,
        "12_latitude": 0.0578705296,
        "33_ClusterTE:ClusterID50:cleaning_fee:extra_people:guests_included:latitude:longitude:minimum_nights:security_deposit.2": 0.0575851798,
        "28_ClusterDist6:cleaning_fee:extra_people:guests_included:security_deposit.4": 0.057112813,
        "23_CVTE:amenities.2": 0.0570054464,
        "28_ClusterDist6:cleaning_fee:extra_people:guests_included:security_deposit.3": 0.0565151609,
        "31_TruncSVD:coffee:guests_included:minimum_nights.0": 0.0485871024,
        "34_ClusterDist6:cleaning_fee:extra_people:guests_included:latitude:minimum_nights:security_deposit.2": 0.0437923856,
        "13_longitude": 0.0433106646,
        "36_NumToCatTE:longitude.0": 0.0430246219,
        "34_ClusterDist6:cleaning_fee:extra_people:guests_included:latitude:minimum_nights:security_deposit.1": 0.0427484736,
        "36_NumToCatTE:longitude.2": 0.042051781,
        "36_NumToCatTE:longitude.1": 0.0404664166,
        "34_ClusterDist6:cleaning_fee:extra_people:guests_included:latitude:minimum_nights:security_deposit.4": 0.0402742401,
        "14_maximum_nights": 0.0385756493,
        "26_Txt:amenities.8": 0.029915303,
        "6_extra_people": 0.0282323509,
        "20_security_deposit": 0.0236731246,
        "26_Txt:amenities.16": 0.0233097859,
        "26_Txt:amenities.12": 0.0229279157,
        "26_Txt:amenities.18": 0.0221349634,
        "26_Txt:amenities.17": 0.0195635092,
        "26_Txt:amenities.5": 0.019387871,
        "26_Txt:amenities.13": 0.0188488346,
        "7_guests_included": 0.0173246134,
        "26_Txt:amenities.2": 0.0168055128,
        "26_Txt:amenities.15": 0.0166767053,
        "26_Txt:amenities.7": 0.0155170914,
        "26_Txt:amenities.14": 0.0153510058,
        "26_Txt:amenities.6": 0.0141616911,
        "15_minimum_nights": 0.0102770468,
        "26_Txt:amenities.0": 0.0092849853,
        "30_NumToCatTE:bbq.0": 0.0083285877,
        "26_Txt:amenities.3": 0.0074611316,
        "30_NumToCatTE:bbq.1": 0.0074398075,
        "26_Txt:amenities.9": 0.0071078162,
        "30_NumToCatTE:bbq.2": 0.0046403157,
        "22_wifi": 0.0041215722,
        "19_pool": 0.003549244,
        "5_dryer": 0.0034724912,
        "26_Txt:amenities.10": 0.0021853643,
        "21_washer": 0.0018738881,
        "10_htub": 0.0014340717,
        "26_Txt:amenities.1": 0.0013137369,
        "3_coffee": 0.000753538,
        "26_Txt:amenities.11": 0.0002295937
    },
    "Shift of Relative Importance": {
        "2_cleaning_fee": 0.0588501692,
        "28_ClusterDist6:cleaning_fee:extra_people:guests_included:security_deposit.2": 0.2438542396,
        "25_CVTE:zipcode.1": -0.1096894294,
        "33_ClusterTE:ClusterID50:cleaning_fee:extra_people:guests_included:latitude:longitude:minimum_nights:security_deposit.0": -0.0571694821,
        "24_CVTE:location.1": -0.0773091018,
        "28_ClusterDist6:cleaning_fee:extra_people:guests_included:security_deposit.1": 0.0466072634,
        "33_ClusterTE:ClusterID50:cleaning_fee:extra_people:guests_included:latitude:longitude:minimum_nights:security_deposit.1": -0.064064607,
        "28_ClusterDist6:cleaning_fee:extra_people:guests_included:security_deposit.0": -0.1783979535,
        "28_ClusterDist6:cleaning_fee:extra_people:guests_included:security_deposit.5": -0.8806885481,
        "34_ClusterDist6:cleaning_fee:extra_people:guests_included:latitude:minimum_nights:security_deposit.0": 0.0257859901,
        "24_CVTE:location.0": -0.0931991339,
        "23_CVTE:amenities.1": -0.0685272738,
        "31_TruncSVD:coffee:guests_included:minimum_nights.1": -0.0619065762,
        "25_CVTE:zipcode.0": -0.0715533569,
        "24_CVTE:location.2": -0.0382753536,
        "25_CVTE:zipcode.2": -0.0802621767,
        "23_CVTE:amenities.0": -0.0592488199,
        "29_TruncSVD:cleaning_fee:extra_people:guests_included:security_deposit.0": -0.10504172,
        "34_ClusterDist6:cleaning_fee:extra_people:guests_included:latitude:minimum_nights:security_deposit.5": -0.0540605485,
        "34_ClusterDist6:cleaning_fee:extra_people:guests_included:latitude:minimum_nights:security_deposit.3": -0.0712408349,
        "12_latitude": -0.059041068,
        "33_ClusterTE:ClusterID50:cleaning_fee:extra_people:guests_included:latitude:longitude:minimum_nights:security_deposit.2": -0.4442254901,
        "28_ClusterDist6:cleaning_fee:extra_people:guests_included:security_deposit.4": -0.1829426736,
        "23_CVTE:amenities.2": -0.0708362311,
        "28_ClusterDist6:cleaning_fee:extra_people:guests_included:security_deposit.3": -0.0443327539,
        "31_TruncSVD:coffee:guests_included:minimum_nights.0": -0.0567884929,
        "34_ClusterDist6:cleaning_fee:extra_people:guests_included:latitude:minimum_nights:security_deposit.2": -0.0559483282,
        "13_longitude": -0.0629408956,
        "36_NumToCatTE:longitude.0": -0.0592190623,
        "34_ClusterDist6:cleaning_fee:extra_people:guests_included:latitude:minimum_nights:security_deposit.1": -0.0493073314,
        "36_NumToCatTE:longitude.2": -0.0506226309,
        "36_NumToCatTE:longitude.1": -0.0585996769,
        "34_ClusterDist6:cleaning_fee:extra_people:guests_included:latitude:minimum_nights:security_deposit.4": -0.0997427776,
        "14_maximum_nights": -0.0450891852,
        "26_Txt:amenities.8": -0.0388752669,
        "6_extra_people": -0.0053359866,
        "20_security_deposit": -0.012785919,
        "26_Txt:amenities.16": -0.0144771412,
        "26_Txt:amenities.12": -0.041943036,
        "26_Txt:amenities.18": -0.0316192843,
        "26_Txt:amenities.17": -0.0215229336,
        "26_Txt:amenities.5": -0.0178846531,
        "26_Txt:amenities.13": -0.0230389629,
        "7_guests_included": -0.0118346177,
        "26_Txt:amenities.2": -0.0208660942,
        "26_Txt:amenities.15": -0.0237760879,
        "26_Txt:amenities.7": -0.01628449,
        "26_Txt:amenities.14": -0.0157171041,
        "26_Txt:amenities.6": -0.0211085603,
        "15_minimum_nights": -0.0107834795,
        "26_Txt:amenities.0": -0.011460525,
        "30_NumToCatTE:bbq.0": -0.0142880986,
        "26_Txt:amenities.3": -0.0092101293,
        "30_NumToCatTE:bbq.1": -0.0093162209,
        "26_Txt:amenities.9": 0.0004915628,
        "30_NumToCatTE:bbq.2": -0.0052547511,
        "22_wifi": -0.0031635808,
        "19_pool": -0.006319643,
        "5_dryer": -0.0013663303,
        "26_Txt:amenities.10": -0.0020143585,
        "21_washer": -0.0017019385,
        "10_htub": -0.0034838903,
        "26_Txt:amenities.1": -0.0028914164,
        "3_coffee": -0.0013861957,
        "26_Txt:amenities.11": -0.0006803749
    },
    "Description": {
        "2_cleaning_fee": "cleaning_fee (Orig)",
        "28_ClusterDist6:cleaning_fee:extra_people:guests_included:security_deposit.2": "Distances to cluster center after segmenting columns ['cleaning_fee', 'extra_people', 'guests_included', 'security_deposit'] into 6 clusters. Distance to cluster #2 [internal:False]",
        "25_CVTE:zipcode.1": "Out-of-fold mean of the response (class 1) grouped by: ['zipcode'] using 5 folds [internal:(10, 3, 10)]",
        "33_ClusterTE:ClusterID50:cleaning_fee:extra_people:guests_included:latitude:longitude:minimum_nights:security_deposit.0": "Out-of-fold mean of the response (class 0) grouped by: ['ClusterID50:cleaning_fee:extra_people:guests_included:latitude:longitude:minimum_nights:security_deposit'] using 5 folds (Clustered into 50 clusters) [internal:(50, False, 100, 3, 10)]",
        "24_CVTE:location.1": "Out-of-fold mean of the response (class 1) grouped by: ['location'] using 5 folds [internal:(10, 3, 10)]",
        "28_ClusterDist6:cleaning_fee:extra_people:guests_included:security_deposit.1": "Distances to cluster center after segmenting columns ['cleaning_fee', 'extra_people', 'guests_included', 'security_deposit'] into 6 clusters. Distance to cluster #1 [internal:False]",
        "33_ClusterTE:ClusterID50:cleaning_fee:extra_people:guests_included:latitude:longitude:minimum_nights:security_deposit.1": "Out-of-fold mean of the response (class 1) grouped by: ['ClusterID50:cleaning_fee:extra_people:guests_included:latitude:longitude:minimum_nights:security_deposit'] using 5 folds (Clustered into 50 clusters) [internal:(50, False, 100, 3, 10)]",
        "28_ClusterDist6:cleaning_fee:extra_people:guests_included:security_deposit.0": "Distances to cluster center after segmenting columns ['cleaning_fee', 'extra_people', 'guests_included', 'security_deposit'] into 6 clusters. Distance to cluster #0 [internal:False]",
        "28_ClusterDist6:cleaning_fee:extra_people:guests_included:security_deposit.5": "Distances to cluster center after segmenting columns ['cleaning_fee', 'extra_people', 'guests_included', 'security_deposit'] into 6 clusters. Distance to cluster #5 [internal:False]",
        "34_ClusterDist6:cleaning_fee:extra_people:guests_included:latitude:minimum_nights:security_deposit.0": "Distances to cluster center after segmenting columns ['cleaning_fee', 'extra_people', 'guests_included', 'latitude', 'minimum_nights', 'security_deposit'] into 6 clusters. Distance to cluster #0 [internal:False]",
        "24_CVTE:location.0": "Out-of-fold mean of the response (class 0) grouped by: ['location'] using 5 folds [internal:(10, 3, 10)]",
        "23_CVTE:amenities.1": "Out-of-fold mean of the response (class 1) grouped by: ['amenities'] using 5 folds [internal:(10, 3, 10)]",
        "31_TruncSVD:coffee:guests_included:minimum_nights.1": "Component #2 of truncated SVD of ['coffee', 'guests_included', 'minimum_nights'] into 2 components",
        "25_CVTE:zipcode.0": "Out-of-fold mean of the response (class 0) grouped by: ['zipcode'] using 5 folds [internal:(10, 3, 10)]",
        "24_CVTE:location.2": "Out-of-fold mean of the response (class 2) grouped by: ['location'] using 5 folds [internal:(10, 3, 10)]",
        "25_CVTE:zipcode.2": "Out-of-fold mean of the response (class 2) grouped by: ['zipcode'] using 5 folds [internal:(10, 3, 10)]",
        "23_CVTE:amenities.0": "Out-of-fold mean of the response (class 0) grouped by: ['amenities'] using 5 folds [internal:(10, 3, 10)]",
        "29_TruncSVD:cleaning_fee:extra_people:guests_included:security_deposit.0": "Component #1 of truncated SVD of ['cleaning_fee', 'extra_people', 'guests_included', 'security_deposit'] into 1 components",
        "34_ClusterDist6:cleaning_fee:extra_people:guests_included:latitude:minimum_nights:security_deposit.5": "Distances to cluster center after segmenting columns ['cleaning_fee', 'extra_people', 'guests_included', 'latitude', 'minimum_nights', 'security_deposit'] into 6 clusters. Distance to cluster #5 [internal:False]",
        "34_ClusterDist6:cleaning_fee:extra_people:guests_included:latitude:minimum_nights:security_deposit.3": "Distances to cluster center after segmenting columns ['cleaning_fee', 'extra_people', 'guests_included', 'latitude', 'minimum_nights', 'security_deposit'] into 6 clusters. Distance to cluster #3 [internal:False]",
        "12_latitude": "latitude (Orig)",
        "33_ClusterTE:ClusterID50:cleaning_fee:extra_people:guests_included:latitude:longitude:minimum_nights:security_deposit.2": "Out-of-fold mean of the response (class 2) grouped by: ['ClusterID50:cleaning_fee:extra_people:guests_included:latitude:longitude:minimum_nights:security_deposit'] using 5 folds (Clustered into 50 clusters) [internal:(50, False, 100, 3, 10)]",
        "28_ClusterDist6:cleaning_fee:extra_people:guests_included:security_deposit.4": "Distances to cluster center after segmenting columns ['cleaning_fee', 'extra_people', 'guests_included', 'security_deposit'] into 6 clusters. Distance to cluster #4 [internal:False]",
        "23_CVTE:amenities.2": "Out-of-fold mean of the response (class 2) grouped by: ['amenities'] using 5 folds [internal:(10, 3, 10)]",
        "28_ClusterDist6:cleaning_fee:extra_people:guests_included:security_deposit.3": "Distances to cluster center after segmenting columns ['cleaning_fee', 'extra_people', 'guests_included', 'security_deposit'] into 6 clusters. Distance to cluster #3 [internal:False]",
        "31_TruncSVD:coffee:guests_included:minimum_nights.0": "Component #1 of truncated SVD of ['coffee', 'guests_included', 'minimum_nights'] into 2 components",
        "34_ClusterDist6:cleaning_fee:extra_people:guests_included:latitude:minimum_nights:security_deposit.2": "Distances to cluster center after segmenting columns ['cleaning_fee', 'extra_people', 'guests_included', 'latitude', 'minimum_nights', 'security_deposit'] into 6 clusters. Distance to cluster #2 [internal:False]",
        "13_longitude": "longitude (Orig)",
        "36_NumToCatTE:longitude.0": "Out-of-fold mean of the response (class 0) grouped by: ['longitude'] using 5 folds (numeric columns are bucketed into 100 equally populated bins) [internal:(10, 1, 20)]",
        "34_ClusterDist6:cleaning_fee:extra_people:guests_included:latitude:minimum_nights:security_deposit.1": "Distances to cluster center after segmenting columns ['cleaning_fee', 'extra_people', 'guests_included', 'latitude', 'minimum_nights', 'security_deposit'] into 6 clusters. Distance to cluster #1 [internal:False]",
        "36_NumToCatTE:longitude.2": "Out-of-fold mean of the response (class 2) grouped by: ['longitude'] using 5 folds (numeric columns are bucketed into 100 equally populated bins) [internal:(10, 1, 20)]",
        "36_NumToCatTE:longitude.1": "Out-of-fold mean of the response (class 1) grouped by: ['longitude'] using 5 folds (numeric columns are bucketed into 100 equally populated bins) [internal:(10, 1, 20)]",
        "34_ClusterDist6:cleaning_fee:extra_people:guests_included:latitude:minimum_nights:security_deposit.4": "Distances to cluster center after segmenting columns ['cleaning_fee', 'extra_people', 'guests_included', 'latitude', 'minimum_nights', 'security_deposit'] into 6 clusters. Distance to cluster #4 [internal:False]",
        "14_maximum_nights": "maximum_nights (Orig)",
        "26_Txt:amenities.8": "Feature #9 of tf-idf-based word embedding  (followed by dimensionality reduction to 50 dimensions) of 'amenities' [internal:(True, 1, 50)]",
        "6_extra_people": "extra_people (Orig)",
        "20_security_deposit": "security_deposit (Orig)",
        "26_Txt:amenities.16": "Feature #17 of tf-idf-based word embedding  (followed by dimensionality reduction to 50 dimensions) of 'amenities' [internal:(True, 1, 50)]",
        "26_Txt:amenities.12": "Feature #13 of tf-idf-based word embedding  (followed by dimensionality reduction to 50 dimensions) of 'amenities' [internal:(True, 1, 50)]",
        "26_Txt:amenities.18": "Feature #19 of tf-idf-based word embedding  (followed by dimensionality reduction to 50 dimensions) of 'amenities' [internal:(True, 1, 50)]",
        "26_Txt:amenities.17": "Feature #18 of tf-idf-based word embedding  (followed by dimensionality reduction to 50 dimensions) of 'amenities' [internal:(True, 1, 50)]",
        "26_Txt:amenities.5": "Feature #6 of tf-idf-based word embedding  (followed by dimensionality reduction to 50 dimensions) of 'amenities' [internal:(True, 1, 50)]",
        "26_Txt:amenities.13": "Feature #14 of tf-idf-based word embedding  (followed by dimensionality reduction to 50 dimensions) of 'amenities' [internal:(True, 1, 50)]",
        "7_guests_included": "guests_included (Orig)",
        "26_Txt:amenities.2": "Feature #3 of tf-idf-based word embedding  (followed by dimensionality reduction to 50 dimensions) of 'amenities' [internal:(True, 1, 50)]",
        "26_Txt:amenities.15": "Feature #16 of tf-idf-based word embedding  (followed by dimensionality reduction to 50 dimensions) of 'amenities' [internal:(True, 1, 50)]",
        "26_Txt:amenities.7": "Feature #8 of tf-idf-based word embedding  (followed by dimensionality reduction to 50 dimensions) of 'amenities' [internal:(True, 1, 50)]",
        "26_Txt:amenities.14": "Feature #15 of tf-idf-based word embedding  (followed by dimensionality reduction to 50 dimensions) of 'amenities' [internal:(True, 1, 50)]",
        "26_Txt:amenities.6": "Feature #7 of tf-idf-based word embedding  (followed by dimensionality reduction to 50 dimensions) of 'amenities' [internal:(True, 1, 50)]",
        "15_minimum_nights": "minimum_nights (Orig)",
        "26_Txt:amenities.0": "Feature #1 of tf-idf-based word embedding  (followed by dimensionality reduction to 50 dimensions) of 'amenities' [internal:(True, 1, 50)]",
        "30_NumToCatTE:bbq.0": "Out-of-fold mean of the response (class 0) grouped by: ['bbq'] using 5 folds (numeric columns are bucketed into 10 equally populated bins) [internal:(100, 3, 10)]",
        "26_Txt:amenities.3": "Feature #4 of tf-idf-based word embedding  (followed by dimensionality reduction to 50 dimensions) of 'amenities' [internal:(True, 1, 50)]",
        "30_NumToCatTE:bbq.1": "Out-of-fold mean of the response (class 1) grouped by: ['bbq'] using 5 folds (numeric columns are bucketed into 10 equally populated bins) [internal:(100, 3, 10)]",
        "26_Txt:amenities.9": "Feature #10 of tf-idf-based word embedding  (followed by dimensionality reduction to 50 dimensions) of 'amenities' [internal:(True, 1, 50)]",
        "30_NumToCatTE:bbq.2": "Out-of-fold mean of the response (class 2) grouped by: ['bbq'] using 5 folds (numeric columns are bucketed into 10 equally populated bins) [internal:(100, 3, 10)]",
        "22_wifi": "wifi (Orig)",
        "19_pool": "pool (Orig)",
        "5_dryer": "dryer (Orig)",
        "26_Txt:amenities.10": "Feature #11 of tf-idf-based word embedding  (followed by dimensionality reduction to 50 dimensions) of 'amenities' [internal:(True, 1, 50)]",
        "21_washer": "washer (Orig)",
        "10_htub": "htub (Orig)",
        "26_Txt:amenities.1": "Feature #2 of tf-idf-based word embedding  (followed by dimensionality reduction to 50 dimensions) of 'amenities' [internal:(True, 1, 50)]",
        "3_coffee": "coffee (Orig)",
        "26_Txt:amenities.11": "Feature #12 of tf-idf-based word embedding  (followed by dimensionality reduction to 50 dimensions) of 'amenities' [internal:(True, 1, 50)]"
    },
    "Feature": {
        "2_cleaning_fee": "2_cleaning_fee",
        "28_ClusterDist6:cleaning_fee:extra_people:guests_included:security_deposit.2": "28_ClusterDist6:cleaning_fee:extra_people:guests_included:security_deposit.2",
        "25_CVTE:zipcode.1": "25_CVTE:zipcode.1",
        "33_ClusterTE:ClusterID50:cleaning_fee:extra_people:guests_included:latitude:longitude:minimum_nights:security_deposit.0": "33_ClusterTE:ClusterID50:cleaning_fee:extra_people:guests_included:latitude:longitude:minimum_nights:security_deposit.0",
        "24_CVTE:location.1": "24_CVTE:location.1",
        "28_ClusterDist6:cleaning_fee:extra_people:guests_included:security_deposit.1": "28_ClusterDist6:cleaning_fee:extra_people:guests_included:security_deposit.1",
        "33_ClusterTE:ClusterID50:cleaning_fee:extra_people:guests_included:latitude:longitude:minimum_nights:security_deposit.1": "33_ClusterTE:ClusterID50:cleaning_fee:extra_people:guests_included:latitude:longitude:minimum_nights:security_deposit.1",
        "28_ClusterDist6:cleaning_fee:extra_people:guests_included:security_deposit.0": "28_ClusterDist6:cleaning_fee:extra_people:guests_included:security_deposit.0",
        "28_ClusterDist6:cleaning_fee:extra_people:guests_included:security_deposit.5": "28_ClusterDist6:cleaning_fee:extra_people:guests_included:security_deposit.5",
        "34_ClusterDist6:cleaning_fee:extra_people:guests_included:latitude:minimum_nights:security_deposit.0": "34_ClusterDist6:cleaning_fee:extra_people:guests_included:latitude:minimum_nights:security_deposit.0",
        "24_CVTE:location.0": "24_CVTE:location.0",
        "23_CVTE:amenities.1": "23_CVTE:amenities.1",
        "31_TruncSVD:coffee:guests_included:minimum_nights.1": "31_TruncSVD:coffee:guests_included:minimum_nights.1",
        "25_CVTE:zipcode.0": "25_CVTE:zipcode.0",
        "24_CVTE:location.2": "24_CVTE:location.2",
        "25_CVTE:zipcode.2": "25_CVTE:zipcode.2",
        "23_CVTE:amenities.0": "23_CVTE:amenities.0",
        "29_TruncSVD:cleaning_fee:extra_people:guests_included:security_deposit.0": "29_TruncSVD:cleaning_fee:extra_people:guests_included:security_deposit.0",
        "34_ClusterDist6:cleaning_fee:extra_people:guests_included:latitude:minimum_nights:security_deposit.5": "34_ClusterDist6:cleaning_fee:extra_people:guests_included:latitude:minimum_nights:security_deposit.5",
        "34_ClusterDist6:cleaning_fee:extra_people:guests_included:latitude:minimum_nights:security_deposit.3": "34_ClusterDist6:cleaning_fee:extra_people:guests_included:latitude:minimum_nights:security_deposit.3",
        "12_latitude": "12_latitude",
        "33_ClusterTE:ClusterID50:cleaning_fee:extra_people:guests_included:latitude:longitude:minimum_nights:security_deposit.2": "33_ClusterTE:ClusterID50:cleaning_fee:extra_people:guests_included:latitude:longitude:minimum_nights:security_deposit.2",
        "28_ClusterDist6:cleaning_fee:extra_people:guests_included:security_deposit.4": "28_ClusterDist6:cleaning_fee:extra_people:guests_included:security_deposit.4",
        "23_CVTE:amenities.2": "23_CVTE:amenities.2",
        "28_ClusterDist6:cleaning_fee:extra_people:guests_included:security_deposit.3": "28_ClusterDist6:cleaning_fee:extra_people:guests_included:security_deposit.3",
        "31_TruncSVD:coffee:guests_included:minimum_nights.0": "31_TruncSVD:coffee:guests_included:minimum_nights.0",
        "34_ClusterDist6:cleaning_fee:extra_people:guests_included:latitude:minimum_nights:security_deposit.2": "34_ClusterDist6:cleaning_fee:extra_people:guests_included:latitude:minimum_nights:security_deposit.2",
        "13_longitude": "13_longitude",
        "36_NumToCatTE:longitude.0": "36_NumToCatTE:longitude.0",
        "34_ClusterDist6:cleaning_fee:extra_people:guests_included:latitude:minimum_nights:security_deposit.1": "34_ClusterDist6:cleaning_fee:extra_people:guests_included:latitude:minimum_nights:security_deposit.1",
        "36_NumToCatTE:longitude.2": "36_NumToCatTE:longitude.2",
        "36_NumToCatTE:longitude.1": "36_NumToCatTE:longitude.1",
        "34_ClusterDist6:cleaning_fee:extra_people:guests_included:latitude:minimum_nights:security_deposit.4": "34_ClusterDist6:cleaning_fee:extra_people:guests_included:latitude:minimum_nights:security_deposit.4",
        "14_maximum_nights": "14_maximum_nights",
        "26_Txt:amenities.8": "26_Txt:amenities.8",
        "6_extra_people": "6_extra_people",
        "20_security_deposit": "20_security_deposit",
        "26_Txt:amenities.16": "26_Txt:amenities.16",
        "26_Txt:amenities.12": "26_Txt:amenities.12",
        "26_Txt:amenities.18": "26_Txt:amenities.18",
        "26_Txt:amenities.17": "26_Txt:amenities.17",
        "26_Txt:amenities.5": "26_Txt:amenities.5",
        "26_Txt:amenities.13": "26_Txt:amenities.13",
        "7_guests_included": "7_guests_included",
        "26_Txt:amenities.2": "26_Txt:amenities.2",
        "26_Txt:amenities.15": "26_Txt:amenities.15",
        "26_Txt:amenities.7": "26_Txt:amenities.7",
        "26_Txt:amenities.14": "26_Txt:amenities.14",
        "26_Txt:amenities.6": "26_Txt:amenities.6",
        "15_minimum_nights": "15_minimum_nights",
        "26_Txt:amenities.0": "26_Txt:amenities.0",
        "30_NumToCatTE:bbq.0": "30_NumToCatTE:bbq.0",
        "26_Txt:amenities.3": "26_Txt:amenities.3",
        "30_NumToCatTE:bbq.1": "30_NumToCatTE:bbq.1",
        "26_Txt:amenities.9": "26_Txt:amenities.9",
        "30_NumToCatTE:bbq.2": "30_NumToCatTE:bbq.2",
        "22_wifi": "22_wifi",
        "19_pool": "19_pool",
        "5_dryer": "5_dryer",
        "26_Txt:amenities.10": "26_Txt:amenities.10",
        "21_washer": "21_washer",
        "10_htub": "10_htub",
        "26_Txt:amenities.1": "26_Txt:amenities.1",
        "3_coffee": "3_coffee",
        "26_Txt:amenities.11": "26_Txt:amenities.11"
    }
}