{"ac": "float32", "amenities": "object", "bbq": "float32", "cleaning_fee": "float32", "coffee": "float32", "dishwasher": "float32", "dryer": "float32", "extra_people": "float32", "guests_included": "float32", "heating": "float32", "hr": "float32", "htub": "float32", "iron": "float32", "latitude": "float32", "location": "object", "longitude": "float32", "maximum_nights": "float32", "minimum_nights": "float32", "park": "float32", "parking": "float32", "pet": "float32", "pool": "float32", "security_deposit": "float32", "washer": "float32", "wifi": "float32", "zipcode": "object", "priceType": "str"}