{"numeric": ["ac", "bbq", "cleaning_fee", "coffee", "dishwasher", "dryer", "extra_people", "guests_included", "heating", "hr", "htub", "iron", "latitude", "longitude", "maximum_nights", "minimum_nights", "park", "parking", "pet", "pool", "price", "security_deposit", "washer", "wifi"], "categorical": ["ac", "amenities", "bbq", "coffee", "dishwasher", "dryer", "guests_included", "heating", "hr", "htub", "iron", "latitude", "location", "longitude", "maximum_nights", "minimum_nights", "park", "parking", "pet", "pool", "washer", "wifi", "zipcode"], "catlabel": ["ac", "amenities", "bbq", "coffee", "dishwasher", "dryer", "guests_included", "heating", "hr", "htub", "iron", "latitude", "location", "longitude", "maximum_nights", "minimum_nights", "park", "parking", "pet", "pool", "washer", "wifi", "zipcode"], "ohe_categorical": ["ac", "bbq", "coffee", "dishwasher", "dryer", "guests_included", "heating", "hr", "htub", "iron", "park", "parking", "pet", "pool", "washer", "wifi"], "datetime": [], "date": [], "text": ["amenities"], "raw": [], "time_column": [], "all": ["ac", "amenities", "bbq", "cleaning_fee", "coffee", "dishwasher", "dryer", "extra_people", "guests_included", "heating", "hr", "htub", "iron", "latitude", "location", "longitude", "maximum_nights", "minimum_nights", "park", "parking", "pet", "pool", "price", "security_deposit", "washer", "wifi", "zipcode"], "any": ["ac", "amenities", "bbq", "cleaning_fee", "coffee", "dishwasher", "dryer", "extra_people", "guests_included", "heating", "hr", "htub", "iron", "latitude", "location", "longitude", "maximum_nights", "minimum_nights", "park", "parking", "pet", "pool", "price", "security_deposit", "washer", "wifi", "zipcode"]}