{
    "Relative Importance": {
        "28_ClusterDist6:cleaning_fee:extra_people:guests_included:security_deposit.5": 1.0,
        "2_cleaning_fee": 0.9411498308,
        "33_ClusterTE:ClusterID50:cleaning_fee:extra_people:guests_included:latitude:longitude:minimum_nights:security_deposit.2": 0.5018106699,
        "28_ClusterDist6:cleaning_fee:extra_people:guests_included:security_deposit.0": 0.298810482,
        "25_CVTE:zipcode.1": 0.2630957663,
        "28_ClusterDist6:cleaning_fee:extra_people:guests_included:security_deposit.4": 0.2400554866,
        "24_CVTE:location.1": 0.2148361653,
        "33_ClusterTE:ClusterID50:cleaning_fee:extra_people:guests_included:latitude:longitude:minimum_nights:security_deposit.0": 0.2031225413,
        "33_ClusterTE:ClusterID50:cleaning_fee:extra_people:guests_included:latitude:longitude:minimum_nights:security_deposit.1": 0.1897932291,
        "24_CVTE:location.0": 0.1834063828,
        "29_TruncSVD:cleaning_fee:extra_people:guests_included:security_deposit.0": 0.1720481813,
        "23_CVTE:amenities.1": 0.1555896252,
        "25_CVTE:zipcode.2": 0.1533832252,
        "25_CVTE:zipcode.0": 0.150015533,
        "31_TruncSVD:coffee:guests_included:minimum_nights.1": 0.1417759359,
        "34_ClusterDist6:cleaning_fee:extra_people:guests_included:latitude:minimum_nights:security_deposit.4": 0.1400170177,
        "23_CVTE:amenities.0": 0.1310639828,
        "34_ClusterDist6:cleaning_fee:extra_people:guests_included:latitude:minimum_nights:security_deposit.3": 0.1295831203,
        "23_CVTE:amenities.2": 0.1278416812,
        "28_ClusterDist6:cleaning_fee:extra_people:guests_included:security_deposit.2": 0.1237242967,
        "34_ClusterDist6:cleaning_fee:extra_people:guests_included:latitude:minimum_nights:security_deposit.5": 0.1196524128,
        "12_latitude": 0.1169115975,
        "24_CVTE:location.2": 0.1150463074,
        "13_longitude": 0.1062515602,
        "31_TruncSVD:coffee:guests_included:minimum_nights.0": 0.1053755954,
        "36_NumToCatTE:longitude.0": 0.1022436842,
        "28_ClusterDist6:cleaning_fee:extra_people:guests_included:security_deposit.3": 0.1008479148,
        "34_ClusterDist6:cleaning_fee:extra_people:guests_included:latitude:minimum_nights:security_deposit.2": 0.0997407138,
        "36_NumToCatTE:longitude.1": 0.0990660936,
        "36_NumToCatTE:longitude.2": 0.0926744118,
        "34_ClusterDist6:cleaning_fee:extra_people:guests_included:latitude:minimum_nights:security_deposit.1": 0.092055805,
        "34_ClusterDist6:cleaning_fee:extra_people:guests_included:latitude:minimum_nights:security_deposit.0": 0.0911448002,
        "28_ClusterDist6:cleaning_fee:extra_people:guests_included:security_deposit.1": 0.0878521726,
        "14_maximum_nights": 0.0836648345,
        "26_Txt:amenities.8": 0.0687905699,
        "26_Txt:amenities.12": 0.0648709536,
        "26_Txt:amenities.18": 0.0537542477,
        "26_Txt:amenities.13": 0.0418877974,
        "26_Txt:amenities.17": 0.0410864428,
        "26_Txt:amenities.15": 0.0404527932,
        "26_Txt:amenities.16": 0.0377869271,
        "26_Txt:amenities.2": 0.037671607,
        "26_Txt:amenities.5": 0.0372725241,
        "20_security_deposit": 0.0364590436,
        "26_Txt:amenities.6": 0.0352702513,
        "6_extra_people": 0.0335683376,
        "26_Txt:amenities.7": 0.0318015814,
        "26_Txt:amenities.14": 0.0310681108,
        "7_guests_included": 0.0291592311,
        "30_NumToCatTE:bbq.0": 0.0226166863,
        "15_minimum_nights": 0.0210605264,
        "26_Txt:amenities.0": 0.0207455102,
        "30_NumToCatTE:bbq.1": 0.0167560279,
        "26_Txt:amenities.3": 0.0166712608,
        "30_NumToCatTE:bbq.2": 0.0098950667,
        "19_pool": 0.0098688873,
        "22_wifi": 0.007285153,
        "26_Txt:amenities.9": 0.0066162534,
        "10_htub": 0.004917962,
        "5_dryer": 0.0048388215,
        "26_Txt:amenities.1": 0.0042051533,
        "26_Txt:amenities.10": 0.0041997228,
        "21_washer": 0.0035758265,
        "3_coffee": 0.0021397336,
        "26_Txt:amenities.11": 0.0009099686,
        "26_Txt:amenities.19": 0.0,
        "26_Txt:amenities.20": 0.0,
        "26_Txt:amenities.21": 0.0,
        "26_Txt:amenities.22": 0.0,
        "26_Txt:amenities.23": 0.0,
        "26_Txt:amenities.24": 0.0,
        "26_Txt:amenities.25": 0.0,
        "26_Txt:amenities.26": 0.0,
        "26_Txt:amenities.27": 0.0,
        "26_Txt:amenities.28": 0.0,
        "26_Txt:amenities.29": 0.0,
        "26_Txt:amenities.30": 0.0,
        "26_Txt:amenities.31": 0.0,
        "26_Txt:amenities.32": 0.0,
        "26_Txt:amenities.33": 0.0,
        "26_Txt:amenities.34": 0.0,
        "26_Txt:amenities.35": 0.0,
        "26_Txt:amenities.36": 0.0,
        "26_Txt:amenities.37": 0.0,
        "26_Txt:amenities.38": 0.0,
        "26_Txt:amenities.39": 0.0,
        "26_Txt:amenities.4": 0.0,
        "26_Txt:amenities.40": 0.0,
        "26_Txt:amenities.41": 0.0,
        "26_Txt:amenities.42": 0.0,
        "26_Txt:amenities.43": 0.0,
        "26_Txt:amenities.44": 0.0,
        "26_Txt:amenities.45": 0.0,
        "26_Txt:amenities.46": 0.0,
        "26_Txt:amenities.47": 0.0,
        "26_Txt:amenities.48": 0.0,
        "26_Txt:amenities.49": 0.0
    },
    "Standard Deviation of Relative Importance": {
        "28_ClusterDist6:cleaning_fee:extra_people:guests_included:security_deposit.5": 0.0,
        "2_cleaning_fee": 0.0,
        "33_ClusterTE:ClusterID50:cleaning_fee:extra_people:guests_included:latitude:longitude:minimum_nights:security_deposit.2": 0.0,
        "28_ClusterDist6:cleaning_fee:extra_people:guests_included:security_deposit.0": 0.0,
        "25_CVTE:zipcode.1": 0.0,
        "28_ClusterDist6:cleaning_fee:extra_people:guests_included:security_deposit.4": 0.0,
        "24_CVTE:location.1": 0.0,
        "33_ClusterTE:ClusterID50:cleaning_fee:extra_people:guests_included:latitude:longitude:minimum_nights:security_deposit.0": 0.0,
        "33_ClusterTE:ClusterID50:cleaning_fee:extra_people:guests_included:latitude:longitude:minimum_nights:security_deposit.1": 0.0,
        "24_CVTE:location.0": 0.0,
        "29_TruncSVD:cleaning_fee:extra_people:guests_included:security_deposit.0": 0.0,
        "23_CVTE:amenities.1": 0.0,
        "25_CVTE:zipcode.2": 0.0,
        "25_CVTE:zipcode.0": 0.0,
        "31_TruncSVD:coffee:guests_included:minimum_nights.1": 0.0,
        "34_ClusterDist6:cleaning_fee:extra_people:guests_included:latitude:minimum_nights:security_deposit.4": 0.0,
        "23_CVTE:amenities.0": 0.0,
        "34_ClusterDist6:cleaning_fee:extra_people:guests_included:latitude:minimum_nights:security_deposit.3": 0.0,
        "23_CVTE:amenities.2": 0.0,
        "28_ClusterDist6:cleaning_fee:extra_people:guests_included:security_deposit.2": 0.0,
        "34_ClusterDist6:cleaning_fee:extra_people:guests_included:latitude:minimum_nights:security_deposit.5": 0.0,
        "12_latitude": 0.0,
        "24_CVTE:location.2": 0.0,
        "13_longitude": 0.0,
        "31_TruncSVD:coffee:guests_included:minimum_nights.0": 0.0,
        "36_NumToCatTE:longitude.0": 0.0,
        "28_ClusterDist6:cleaning_fee:extra_people:guests_included:security_deposit.3": 0.0,
        "34_ClusterDist6:cleaning_fee:extra_people:guests_included:latitude:minimum_nights:security_deposit.2": 0.0,
        "36_NumToCatTE:longitude.1": 0.0,
        "36_NumToCatTE:longitude.2": 0.0,
        "34_ClusterDist6:cleaning_fee:extra_people:guests_included:latitude:minimum_nights:security_deposit.1": 0.0,
        "34_ClusterDist6:cleaning_fee:extra_people:guests_included:latitude:minimum_nights:security_deposit.0": 0.0,
        "28_ClusterDist6:cleaning_fee:extra_people:guests_included:security_deposit.1": 0.0,
        "14_maximum_nights": 0.0,
        "26_Txt:amenities.8": 0.0,
        "26_Txt:amenities.12": 0.0,
        "26_Txt:amenities.18": 0.0,
        "26_Txt:amenities.13": 0.0,
        "26_Txt:amenities.17": 0.0,
        "26_Txt:amenities.15": 0.0,
        "26_Txt:amenities.16": 0.0,
        "26_Txt:amenities.2": 0.0,
        "26_Txt:amenities.5": 0.0,
        "20_security_deposit": 0.0,
        "26_Txt:amenities.6": 0.0,
        "6_extra_people": 0.0,
        "26_Txt:amenities.7": 0.0,
        "26_Txt:amenities.14": 0.0,
        "7_guests_included": 0.0,
        "30_NumToCatTE:bbq.0": 0.0,
        "15_minimum_nights": 0.0,
        "26_Txt:amenities.0": 0.0,
        "30_NumToCatTE:bbq.1": 0.0,
        "26_Txt:amenities.3": 0.0,
        "30_NumToCatTE:bbq.2": 0.0,
        "19_pool": 0.0,
        "22_wifi": 0.0,
        "26_Txt:amenities.9": 0.0,
        "10_htub": 0.0,
        "5_dryer": 0.0,
        "26_Txt:amenities.1": 0.0,
        "26_Txt:amenities.10": 0.0,
        "21_washer": 0.0,
        "3_coffee": 0.0,
        "26_Txt:amenities.11": 0.0,
        "26_Txt:amenities.19": 0.0,
        "26_Txt:amenities.20": 0.0,
        "26_Txt:amenities.21": 0.0,
        "26_Txt:amenities.22": 0.0,
        "26_Txt:amenities.23": 0.0,
        "26_Txt:amenities.24": 0.0,
        "26_Txt:amenities.25": 0.0,
        "26_Txt:amenities.26": 0.0,
        "26_Txt:amenities.27": 0.0,
        "26_Txt:amenities.28": 0.0,
        "26_Txt:amenities.29": 0.0,
        "26_Txt:amenities.30": 0.0,
        "26_Txt:amenities.31": 0.0,
        "26_Txt:amenities.32": 0.0,
        "26_Txt:amenities.33": 0.0,
        "26_Txt:amenities.34": 0.0,
        "26_Txt:amenities.35": 0.0,
        "26_Txt:amenities.36": 0.0,
        "26_Txt:amenities.37": 0.0,
        "26_Txt:amenities.38": 0.0,
        "26_Txt:amenities.39": 0.0,
        "26_Txt:amenities.4": 0.0,
        "26_Txt:amenities.40": 0.0,
        "26_Txt:amenities.41": 0.0,
        "26_Txt:amenities.42": 0.0,
        "26_Txt:amenities.43": 0.0,
        "26_Txt:amenities.44": 0.0,
        "26_Txt:amenities.45": 0.0,
        "26_Txt:amenities.46": 0.0,
        "26_Txt:amenities.47": 0.0,
        "26_Txt:amenities.48": 0.0,
        "26_Txt:amenities.49": 0.0
    },
    "Description": {
        "28_ClusterDist6:cleaning_fee:extra_people:guests_included:security_deposit.5": "Distances to cluster center after segmenting columns ['cleaning_fee', 'extra_people', 'guests_included', 'security_deposit'] into 6 clusters. Distance to cluster #5",
        "2_cleaning_fee": "cleaning_fee (Orig)",
        "33_ClusterTE:ClusterID50:cleaning_fee:extra_people:guests_included:latitude:longitude:minimum_nights:security_deposit.2": "Out-of-fold mean of the response (class 2) grouped by: ['ClusterID50:cleaning_fee:extra_people:guests_included:latitude:longitude:minimum_nights:security_deposit'] using 5 folds (Clustered into 50 clusters)",
        "28_ClusterDist6:cleaning_fee:extra_people:guests_included:security_deposit.0": "Distances to cluster center after segmenting columns ['cleaning_fee', 'extra_people', 'guests_included', 'security_deposit'] into 6 clusters. Distance to cluster #0",
        "25_CVTE:zipcode.1": "Out-of-fold mean of the response (class 1) grouped by: ['zipcode'] using 5 folds",
        "28_ClusterDist6:cleaning_fee:extra_people:guests_included:security_deposit.4": "Distances to cluster center after segmenting columns ['cleaning_fee', 'extra_people', 'guests_included', 'security_deposit'] into 6 clusters. Distance to cluster #4",
        "24_CVTE:location.1": "Out-of-fold mean of the response (class 1) grouped by: ['location'] using 5 folds",
        "33_ClusterTE:ClusterID50:cleaning_fee:extra_people:guests_included:latitude:longitude:minimum_nights:security_deposit.0": "Out-of-fold mean of the response (class 0) grouped by: ['ClusterID50:cleaning_fee:extra_people:guests_included:latitude:longitude:minimum_nights:security_deposit'] using 5 folds (Clustered into 50 clusters)",
        "33_ClusterTE:ClusterID50:cleaning_fee:extra_people:guests_included:latitude:longitude:minimum_nights:security_deposit.1": "Out-of-fold mean of the response (class 1) grouped by: ['ClusterID50:cleaning_fee:extra_people:guests_included:latitude:longitude:minimum_nights:security_deposit'] using 5 folds (Clustered into 50 clusters)",
        "24_CVTE:location.0": "Out-of-fold mean of the response (class 0) grouped by: ['location'] using 5 folds",
        "29_TruncSVD:cleaning_fee:extra_people:guests_included:security_deposit.0": "Component #1 of truncated SVD of ['cleaning_fee', 'extra_people', 'guests_included', 'security_deposit'] into 1 components",
        "23_CVTE:amenities.1": "Out-of-fold mean of the response (class 1) grouped by: ['amenities'] using 5 folds",
        "25_CVTE:zipcode.2": "Out-of-fold mean of the response (class 2) grouped by: ['zipcode'] using 5 folds",
        "25_CVTE:zipcode.0": "Out-of-fold mean of the response (class 0) grouped by: ['zipcode'] using 5 folds",
        "31_TruncSVD:coffee:guests_included:minimum_nights.1": "Component #2 of truncated SVD of ['coffee', 'guests_included', 'minimum_nights'] into 2 components",
        "34_ClusterDist6:cleaning_fee:extra_people:guests_included:latitude:minimum_nights:security_deposit.4": "Distances to cluster center after segmenting columns ['cleaning_fee', 'extra_people', 'guests_included', 'latitude', 'minimum_nights', 'security_deposit'] into 6 clusters. Distance to cluster #4",
        "23_CVTE:amenities.0": "Out-of-fold mean of the response (class 0) grouped by: ['amenities'] using 5 folds",
        "34_ClusterDist6:cleaning_fee:extra_people:guests_included:latitude:minimum_nights:security_deposit.3": "Distances to cluster center after segmenting columns ['cleaning_fee', 'extra_people', 'guests_included', 'latitude', 'minimum_nights', 'security_deposit'] into 6 clusters. Distance to cluster #3",
        "23_CVTE:amenities.2": "Out-of-fold mean of the response (class 2) grouped by: ['amenities'] using 5 folds",
        "28_ClusterDist6:cleaning_fee:extra_people:guests_included:security_deposit.2": "Distances to cluster center after segmenting columns ['cleaning_fee', 'extra_people', 'guests_included', 'security_deposit'] into 6 clusters. Distance to cluster #2",
        "34_ClusterDist6:cleaning_fee:extra_people:guests_included:latitude:minimum_nights:security_deposit.5": "Distances to cluster center after segmenting columns ['cleaning_fee', 'extra_people', 'guests_included', 'latitude', 'minimum_nights', 'security_deposit'] into 6 clusters. Distance to cluster #5",
        "12_latitude": "latitude (Orig)",
        "24_CVTE:location.2": "Out-of-fold mean of the response (class 2) grouped by: ['location'] using 5 folds",
        "13_longitude": "longitude (Orig)",
        "31_TruncSVD:coffee:guests_included:minimum_nights.0": "Component #1 of truncated SVD of ['coffee', 'guests_included', 'minimum_nights'] into 2 components",
        "36_NumToCatTE:longitude.0": "Out-of-fold mean of the response (class 0) grouped by: ['longitude'] using 5 folds (numeric columns are bucketed into 100 equally populated bins)",
        "28_ClusterDist6:cleaning_fee:extra_people:guests_included:security_deposit.3": "Distances to cluster center after segmenting columns ['cleaning_fee', 'extra_people', 'guests_included', 'security_deposit'] into 6 clusters. Distance to cluster #3",
        "34_ClusterDist6:cleaning_fee:extra_people:guests_included:latitude:minimum_nights:security_deposit.2": "Distances to cluster center after segmenting columns ['cleaning_fee', 'extra_people', 'guests_included', 'latitude', 'minimum_nights', 'security_deposit'] into 6 clusters. Distance to cluster #2",
        "36_NumToCatTE:longitude.1": "Out-of-fold mean of the response (class 1) grouped by: ['longitude'] using 5 folds (numeric columns are bucketed into 100 equally populated bins)",
        "36_NumToCatTE:longitude.2": "Out-of-fold mean of the response (class 2) grouped by: ['longitude'] using 5 folds (numeric columns are bucketed into 100 equally populated bins)",
        "34_ClusterDist6:cleaning_fee:extra_people:guests_included:latitude:minimum_nights:security_deposit.1": "Distances to cluster center after segmenting columns ['cleaning_fee', 'extra_people', 'guests_included', 'latitude', 'minimum_nights', 'security_deposit'] into 6 clusters. Distance to cluster #1",
        "34_ClusterDist6:cleaning_fee:extra_people:guests_included:latitude:minimum_nights:security_deposit.0": "Distances to cluster center after segmenting columns ['cleaning_fee', 'extra_people', 'guests_included', 'latitude', 'minimum_nights', 'security_deposit'] into 6 clusters. Distance to cluster #0",
        "28_ClusterDist6:cleaning_fee:extra_people:guests_included:security_deposit.1": "Distances to cluster center after segmenting columns ['cleaning_fee', 'extra_people', 'guests_included', 'security_deposit'] into 6 clusters. Distance to cluster #1",
        "14_maximum_nights": "maximum_nights (Orig)",
        "26_Txt:amenities.8": "Feature #9 of tf-idf-based word embedding  (followed by dimensionality reduction to 50 dimensions) of 'amenities'",
        "26_Txt:amenities.12": "Feature #13 of tf-idf-based word embedding  (followed by dimensionality reduction to 50 dimensions) of 'amenities'",
        "26_Txt:amenities.18": "Feature #19 of tf-idf-based word embedding  (followed by dimensionality reduction to 50 dimensions) of 'amenities'",
        "26_Txt:amenities.13": "Feature #14 of tf-idf-based word embedding  (followed by dimensionality reduction to 50 dimensions) of 'amenities'",
        "26_Txt:amenities.17": "Feature #18 of tf-idf-based word embedding  (followed by dimensionality reduction to 50 dimensions) of 'amenities'",
        "26_Txt:amenities.15": "Feature #16 of tf-idf-based word embedding  (followed by dimensionality reduction to 50 dimensions) of 'amenities'",
        "26_Txt:amenities.16": "Feature #17 of tf-idf-based word embedding  (followed by dimensionality reduction to 50 dimensions) of 'amenities'",
        "26_Txt:amenities.2": "Feature #3 of tf-idf-based word embedding  (followed by dimensionality reduction to 50 dimensions) of 'amenities'",
        "26_Txt:amenities.5": "Feature #6 of tf-idf-based word embedding  (followed by dimensionality reduction to 50 dimensions) of 'amenities'",
        "20_security_deposit": "security_deposit (Orig)",
        "26_Txt:amenities.6": "Feature #7 of tf-idf-based word embedding  (followed by dimensionality reduction to 50 dimensions) of 'amenities'",
        "6_extra_people": "extra_people (Orig)",
        "26_Txt:amenities.7": "Feature #8 of tf-idf-based word embedding  (followed by dimensionality reduction to 50 dimensions) of 'amenities'",
        "26_Txt:amenities.14": "Feature #15 of tf-idf-based word embedding  (followed by dimensionality reduction to 50 dimensions) of 'amenities'",
        "7_guests_included": "guests_included (Orig)",
        "30_NumToCatTE:bbq.0": "Out-of-fold mean of the response (class 0) grouped by: ['bbq'] using 5 folds (numeric columns are bucketed into 10 equally populated bins)",
        "15_minimum_nights": "minimum_nights (Orig)",
        "26_Txt:amenities.0": "Feature #1 of tf-idf-based word embedding  (followed by dimensionality reduction to 50 dimensions) of 'amenities'",
        "30_NumToCatTE:bbq.1": "Out-of-fold mean of the response (class 1) grouped by: ['bbq'] using 5 folds (numeric columns are bucketed into 10 equally populated bins)",
        "26_Txt:amenities.3": "Feature #4 of tf-idf-based word embedding  (followed by dimensionality reduction to 50 dimensions) of 'amenities'",
        "30_NumToCatTE:bbq.2": "Out-of-fold mean of the response (class 2) grouped by: ['bbq'] using 5 folds (numeric columns are bucketed into 10 equally populated bins)",
        "19_pool": "pool (Orig)",
        "22_wifi": "wifi (Orig)",
        "26_Txt:amenities.9": "Feature #10 of tf-idf-based word embedding  (followed by dimensionality reduction to 50 dimensions) of 'amenities'",
        "10_htub": "htub (Orig)",
        "5_dryer": "dryer (Orig)",
        "26_Txt:amenities.1": "Feature #2 of tf-idf-based word embedding  (followed by dimensionality reduction to 50 dimensions) of 'amenities'",
        "26_Txt:amenities.10": "Feature #11 of tf-idf-based word embedding  (followed by dimensionality reduction to 50 dimensions) of 'amenities'",
        "21_washer": "washer (Orig)",
        "3_coffee": "coffee (Orig)",
        "26_Txt:amenities.11": "Feature #12 of tf-idf-based word embedding  (followed by dimensionality reduction to 50 dimensions) of 'amenities'",
        "26_Txt:amenities.19": "Feature #20 of tf-idf-based word embedding  (followed by dimensionality reduction to 50 dimensions) of 'amenities'",
        "26_Txt:amenities.20": "Feature #21 of tf-idf-based word embedding  (followed by dimensionality reduction to 50 dimensions) of 'amenities'",
        "26_Txt:amenities.21": "Feature #22 of tf-idf-based word embedding  (followed by dimensionality reduction to 50 dimensions) of 'amenities'",
        "26_Txt:amenities.22": "Feature #23 of tf-idf-based word embedding  (followed by dimensionality reduction to 50 dimensions) of 'amenities'",
        "26_Txt:amenities.23": "Feature #24 of tf-idf-based word embedding  (followed by dimensionality reduction to 50 dimensions) of 'amenities'",
        "26_Txt:amenities.24": "Feature #25 of tf-idf-based word embedding  (followed by dimensionality reduction to 50 dimensions) of 'amenities'",
        "26_Txt:amenities.25": "Feature #26 of tf-idf-based word embedding  (followed by dimensionality reduction to 50 dimensions) of 'amenities'",
        "26_Txt:amenities.26": "Feature #27 of tf-idf-based word embedding  (followed by dimensionality reduction to 50 dimensions) of 'amenities'",
        "26_Txt:amenities.27": "Feature #28 of tf-idf-based word embedding  (followed by dimensionality reduction to 50 dimensions) of 'amenities'",
        "26_Txt:amenities.28": "Feature #29 of tf-idf-based word embedding  (followed by dimensionality reduction to 50 dimensions) of 'amenities'",
        "26_Txt:amenities.29": "Feature #30 of tf-idf-based word embedding  (followed by dimensionality reduction to 50 dimensions) of 'amenities'",
        "26_Txt:amenities.30": "Feature #31 of tf-idf-based word embedding  (followed by dimensionality reduction to 50 dimensions) of 'amenities'",
        "26_Txt:amenities.31": "Feature #32 of tf-idf-based word embedding  (followed by dimensionality reduction to 50 dimensions) of 'amenities'",
        "26_Txt:amenities.32": "Feature #33 of tf-idf-based word embedding  (followed by dimensionality reduction to 50 dimensions) of 'amenities'",
        "26_Txt:amenities.33": "Feature #34 of tf-idf-based word embedding  (followed by dimensionality reduction to 50 dimensions) of 'amenities'",
        "26_Txt:amenities.34": "Feature #35 of tf-idf-based word embedding  (followed by dimensionality reduction to 50 dimensions) of 'amenities'",
        "26_Txt:amenities.35": "Feature #36 of tf-idf-based word embedding  (followed by dimensionality reduction to 50 dimensions) of 'amenities'",
        "26_Txt:amenities.36": "Feature #37 of tf-idf-based word embedding  (followed by dimensionality reduction to 50 dimensions) of 'amenities'",
        "26_Txt:amenities.37": "Feature #38 of tf-idf-based word embedding  (followed by dimensionality reduction to 50 dimensions) of 'amenities'",
        "26_Txt:amenities.38": "Feature #39 of tf-idf-based word embedding  (followed by dimensionality reduction to 50 dimensions) of 'amenities'",
        "26_Txt:amenities.39": "Feature #40 of tf-idf-based word embedding  (followed by dimensionality reduction to 50 dimensions) of 'amenities'",
        "26_Txt:amenities.4": "Feature #5 of tf-idf-based word embedding  (followed by dimensionality reduction to 50 dimensions) of 'amenities'",
        "26_Txt:amenities.40": "Feature #41 of tf-idf-based word embedding  (followed by dimensionality reduction to 50 dimensions) of 'amenities'",
        "26_Txt:amenities.41": "Feature #42 of tf-idf-based word embedding  (followed by dimensionality reduction to 50 dimensions) of 'amenities'",
        "26_Txt:amenities.42": "Feature #43 of tf-idf-based word embedding  (followed by dimensionality reduction to 50 dimensions) of 'amenities'",
        "26_Txt:amenities.43": "Feature #44 of tf-idf-based word embedding  (followed by dimensionality reduction to 50 dimensions) of 'amenities'",
        "26_Txt:amenities.44": "Feature #45 of tf-idf-based word embedding  (followed by dimensionality reduction to 50 dimensions) of 'amenities'",
        "26_Txt:amenities.45": "Feature #46 of tf-idf-based word embedding  (followed by dimensionality reduction to 50 dimensions) of 'amenities'",
        "26_Txt:amenities.46": "Feature #47 of tf-idf-based word embedding  (followed by dimensionality reduction to 50 dimensions) of 'amenities'",
        "26_Txt:amenities.47": "Feature #48 of tf-idf-based word embedding  (followed by dimensionality reduction to 50 dimensions) of 'amenities'",
        "26_Txt:amenities.48": "Feature #49 of tf-idf-based word embedding  (followed by dimensionality reduction to 50 dimensions) of 'amenities'",
        "26_Txt:amenities.49": "Feature #50 of tf-idf-based word embedding  (followed by dimensionality reduction to 50 dimensions) of 'amenities'"
    },
    "Feature": {
        "28_ClusterDist6:cleaning_fee:extra_people:guests_included:security_deposit.5": "28_ClusterDist6:cleaning_fee:extra_people:guests_included:security_deposit.5",
        "2_cleaning_fee": "2_cleaning_fee",
        "33_ClusterTE:ClusterID50:cleaning_fee:extra_people:guests_included:latitude:longitude:minimum_nights:security_deposit.2": "33_ClusterTE:ClusterID50:cleaning_fee:extra_people:guests_included:latitude:longitude:minimum_nights:security_deposit.2",
        "28_ClusterDist6:cleaning_fee:extra_people:guests_included:security_deposit.0": "28_ClusterDist6:cleaning_fee:extra_people:guests_included:security_deposit.0",
        "25_CVTE:zipcode.1": "25_CVTE:zipcode.1",
        "28_ClusterDist6:cleaning_fee:extra_people:guests_included:security_deposit.4": "28_ClusterDist6:cleaning_fee:extra_people:guests_included:security_deposit.4",
        "24_CVTE:location.1": "24_CVTE:location.1",
        "33_ClusterTE:ClusterID50:cleaning_fee:extra_people:guests_included:latitude:longitude:minimum_nights:security_deposit.0": "33_ClusterTE:ClusterID50:cleaning_fee:extra_people:guests_included:latitude:longitude:minimum_nights:security_deposit.0",
        "33_ClusterTE:ClusterID50:cleaning_fee:extra_people:guests_included:latitude:longitude:minimum_nights:security_deposit.1": "33_ClusterTE:ClusterID50:cleaning_fee:extra_people:guests_included:latitude:longitude:minimum_nights:security_deposit.1",
        "24_CVTE:location.0": "24_CVTE:location.0",
        "29_TruncSVD:cleaning_fee:extra_people:guests_included:security_deposit.0": "29_TruncSVD:cleaning_fee:extra_people:guests_included:security_deposit.0",
        "23_CVTE:amenities.1": "23_CVTE:amenities.1",
        "25_CVTE:zipcode.2": "25_CVTE:zipcode.2",
        "25_CVTE:zipcode.0": "25_CVTE:zipcode.0",
        "31_TruncSVD:coffee:guests_included:minimum_nights.1": "31_TruncSVD:coffee:guests_included:minimum_nights.1",
        "34_ClusterDist6:cleaning_fee:extra_people:guests_included:latitude:minimum_nights:security_deposit.4": "34_ClusterDist6:cleaning_fee:extra_people:guests_included:latitude:minimum_nights:security_deposit.4",
        "23_CVTE:amenities.0": "23_CVTE:amenities.0",
        "34_ClusterDist6:cleaning_fee:extra_people:guests_included:latitude:minimum_nights:security_deposit.3": "34_ClusterDist6:cleaning_fee:extra_people:guests_included:latitude:minimum_nights:security_deposit.3",
        "23_CVTE:amenities.2": "23_CVTE:amenities.2",
        "28_ClusterDist6:cleaning_fee:extra_people:guests_included:security_deposit.2": "28_ClusterDist6:cleaning_fee:extra_people:guests_included:security_deposit.2",
        "34_ClusterDist6:cleaning_fee:extra_people:guests_included:latitude:minimum_nights:security_deposit.5": "34_ClusterDist6:cleaning_fee:extra_people:guests_included:latitude:minimum_nights:security_deposit.5",
        "12_latitude": "12_latitude",
        "24_CVTE:location.2": "24_CVTE:location.2",
        "13_longitude": "13_longitude",
        "31_TruncSVD:coffee:guests_included:minimum_nights.0": "31_TruncSVD:coffee:guests_included:minimum_nights.0",
        "36_NumToCatTE:longitude.0": "36_NumToCatTE:longitude.0",
        "28_ClusterDist6:cleaning_fee:extra_people:guests_included:security_deposit.3": "28_ClusterDist6:cleaning_fee:extra_people:guests_included:security_deposit.3",
        "34_ClusterDist6:cleaning_fee:extra_people:guests_included:latitude:minimum_nights:security_deposit.2": "34_ClusterDist6:cleaning_fee:extra_people:guests_included:latitude:minimum_nights:security_deposit.2",
        "36_NumToCatTE:longitude.1": "36_NumToCatTE:longitude.1",
        "36_NumToCatTE:longitude.2": "36_NumToCatTE:longitude.2",
        "34_ClusterDist6:cleaning_fee:extra_people:guests_included:latitude:minimum_nights:security_deposit.1": "34_ClusterDist6:cleaning_fee:extra_people:guests_included:latitude:minimum_nights:security_deposit.1",
        "34_ClusterDist6:cleaning_fee:extra_people:guests_included:latitude:minimum_nights:security_deposit.0": "34_ClusterDist6:cleaning_fee:extra_people:guests_included:latitude:minimum_nights:security_deposit.0",
        "28_ClusterDist6:cleaning_fee:extra_people:guests_included:security_deposit.1": "28_ClusterDist6:cleaning_fee:extra_people:guests_included:security_deposit.1",
        "14_maximum_nights": "14_maximum_nights",
        "26_Txt:amenities.8": "26_Txt:amenities.8",
        "26_Txt:amenities.12": "26_Txt:amenities.12",
        "26_Txt:amenities.18": "26_Txt:amenities.18",
        "26_Txt:amenities.13": "26_Txt:amenities.13",
        "26_Txt:amenities.17": "26_Txt:amenities.17",
        "26_Txt:amenities.15": "26_Txt:amenities.15",
        "26_Txt:amenities.16": "26_Txt:amenities.16",
        "26_Txt:amenities.2": "26_Txt:amenities.2",
        "26_Txt:amenities.5": "26_Txt:amenities.5",
        "20_security_deposit": "20_security_deposit",
        "26_Txt:amenities.6": "26_Txt:amenities.6",
        "6_extra_people": "6_extra_people",
        "26_Txt:amenities.7": "26_Txt:amenities.7",
        "26_Txt:amenities.14": "26_Txt:amenities.14",
        "7_guests_included": "7_guests_included",
        "30_NumToCatTE:bbq.0": "30_NumToCatTE:bbq.0",
        "15_minimum_nights": "15_minimum_nights",
        "26_Txt:amenities.0": "26_Txt:amenities.0",
        "30_NumToCatTE:bbq.1": "30_NumToCatTE:bbq.1",
        "26_Txt:amenities.3": "26_Txt:amenities.3",
        "30_NumToCatTE:bbq.2": "30_NumToCatTE:bbq.2",
        "19_pool": "19_pool",
        "22_wifi": "22_wifi",
        "26_Txt:amenities.9": "26_Txt:amenities.9",
        "10_htub": "10_htub",
        "5_dryer": "5_dryer",
        "26_Txt:amenities.1": "26_Txt:amenities.1",
        "26_Txt:amenities.10": "26_Txt:amenities.10",
        "21_washer": "21_washer",
        "3_coffee": "3_coffee",
        "26_Txt:amenities.11": "26_Txt:amenities.11",
        "26_Txt:amenities.19": "26_Txt:amenities.19",
        "26_Txt:amenities.20": "26_Txt:amenities.20",
        "26_Txt:amenities.21": "26_Txt:amenities.21",
        "26_Txt:amenities.22": "26_Txt:amenities.22",
        "26_Txt:amenities.23": "26_Txt:amenities.23",
        "26_Txt:amenities.24": "26_Txt:amenities.24",
        "26_Txt:amenities.25": "26_Txt:amenities.25",
        "26_Txt:amenities.26": "26_Txt:amenities.26",
        "26_Txt:amenities.27": "26_Txt:amenities.27",
        "26_Txt:amenities.28": "26_Txt:amenities.28",
        "26_Txt:amenities.29": "26_Txt:amenities.29",
        "26_Txt:amenities.30": "26_Txt:amenities.30",
        "26_Txt:amenities.31": "26_Txt:amenities.31",
        "26_Txt:amenities.32": "26_Txt:amenities.32",
        "26_Txt:amenities.33": "26_Txt:amenities.33",
        "26_Txt:amenities.34": "26_Txt:amenities.34",
        "26_Txt:amenities.35": "26_Txt:amenities.35",
        "26_Txt:amenities.36": "26_Txt:amenities.36",
        "26_Txt:amenities.37": "26_Txt:amenities.37",
        "26_Txt:amenities.38": "26_Txt:amenities.38",
        "26_Txt:amenities.39": "26_Txt:amenities.39",
        "26_Txt:amenities.4": "26_Txt:amenities.4",
        "26_Txt:amenities.40": "26_Txt:amenities.40",
        "26_Txt:amenities.41": "26_Txt:amenities.41",
        "26_Txt:amenities.42": "26_Txt:amenities.42",
        "26_Txt:amenities.43": "26_Txt:amenities.43",
        "26_Txt:amenities.44": "26_Txt:amenities.44",
        "26_Txt:amenities.45": "26_Txt:amenities.45",
        "26_Txt:amenities.46": "26_Txt:amenities.46",
        "26_Txt:amenities.47": "26_Txt:amenities.47",
        "26_Txt:amenities.48": "26_Txt:amenities.48",
        "26_Txt:amenities.49": "26_Txt:amenities.49"
    }
}