{
    "Relative Importance": {
        "cleaning_fee": 1.0,
        "guests_included": 0.853282033,
        "security_deposit": 0.8003510934,
        "extra_people": 0.7997131668,
        "minimum_nights": 0.4049805479,
        "latitude": 0.3715912707,
        "longitude": 0.285774752,
        "amenities": 0.2183773382,
        "zipcode": 0.1250151035,
        "location": 0.1132735739,
        "coffee": 0.0550140768,
        "maximum_nights": 0.0184633169,
        "bbq": 0.0108725089,
        "pool": 0.0021778851,
        "wifi": 0.0016077016,
        "htub": 0.0010853053,
        "dryer": 0.0010678404,
        "washer": 0.0007891203,
        "ac": 0.0,
        "dishwasher": 0.0,
        "heating": 0.0,
        "hr": 0.0,
        "iron": 0.0,
        "park": 0.0,
        "parking": 0.0,
        "pet": 0.0
    },
    "Standard Deviation of Relative Importance": {
        "cleaning_fee": 0.0608883746,
        "guests_included": 0.0469897296,
        "security_deposit": 0.0491676262,
        "extra_people": 0.0491976369,
        "minimum_nights": 0.025285718,
        "latitude": 0.0257996544,
        "longitude": 0.0300367221,
        "amenities": 0.0076930256,
        "zipcode": 0.0115925883,
        "location": 0.009193299,
        "coffee": 0.0130517595,
        "maximum_nights": 0.0,
        "bbq": 0.0011473095,
        "pool": 0.0,
        "wifi": 0.0,
        "htub": 0.0,
        "dryer": 0.0,
        "washer": 0.0,
        "ac": 0.0,
        "dishwasher": 0.0,
        "heating": 0.0,
        "hr": 0.0,
        "iron": 0.0,
        "park": 0.0,
        "parking": 0.0,
        "pet": 0.0
    },
    "Original Feature": {
        "cleaning_fee": "cleaning_fee",
        "guests_included": "guests_included",
        "security_deposit": "security_deposit",
        "extra_people": "extra_people",
        "minimum_nights": "minimum_nights",
        "latitude": "latitude",
        "longitude": "longitude",
        "amenities": "amenities",
        "zipcode": "zipcode",
        "location": "location",
        "coffee": "coffee",
        "maximum_nights": "maximum_nights",
        "bbq": "bbq",
        "pool": "pool",
        "wifi": "wifi",
        "htub": "htub",
        "dryer": "dryer",
        "washer": "washer",
        "ac": "ac",
        "dishwasher": "dishwasher",
        "heating": "heating",
        "hr": "hr",
        "iron": "iron",
        "park": "park",
        "parking": "parking",
        "pet": "pet"
    }
}