{
    "indiv_id": {
        "0": 1
    },
    "iter_num": {
        "0": 5
    },
    "accuracy": {
        "0": 2
    },
    "time_tolerance": {
        "0": 5
    },
    "interpretability": {
        "0": 5
    },
    "score": {
        "0": 0.8709945695
    },
    "tournament_score": {
        "0": 0.8709945695
    },
    "score_sd": {
        "0": 0.0036463024
    },
    "top derived_features": {
        "0": "[['2_cleaning_fee', 1.0], ['7_guests_included', 0.34393835067749023], ['25_CVTE:zipcode.1', 0.1594604253768921]]"
    },
    "top original_features": {
        "0": "[['cleaning_fee', 0.3981343680194168], ['guests_included', 0.13693367788462313], ['zipcode', 0.1149917690485909]]"
    },
    "training_times": {
        "0": 4.2482924461
    },
    "best_iterations": {
        "0": 299
    },
    "last_3_mutation_try_actual_actions": {
        "0": [
            [
                "add_best",
                "prune_by_features_3"
            ],
            [
                "add_best",
                "prune_2"
            ],
            [
                "prune_by_features",
                "prune_by_features_1"
            ]
        ]
    },
    "ngenes_start": {
        "0": 28
    },
    "ngenes_max": {
        "0": 300
    },
    "ngenes": {
        "0": 18
    },
    "ngenes_dead": {
        "0": 16
    },
    "nfeatures_max": {
        "0": 300
    },
    "nfeatures": {
        "0": 73
    },
    "feature_cost": {
        "0": 73
    },
    "model_name": {
        "0": "LIGHTGBM"
    },
    "target_transformer_name": {
        "0": "NoneType"
    },
    "from_brain": {
        "0": false
    },
    "derived_from_brain": {
        "0": false
    },
    "from_brain_count": {
        "0": 0
    },
    "derived_from_brain_count": {
        "0": 0
    },
    "booster": {
        "0": "lightgbm"
    },
    "model_class_name": {
        "0": "LightGBMModel"
    },
    "n_gpus": {
        "0": 1
    },
    "gpu_id": {
        "0": 0
    },
    "n_jobs": {
        "0": 2
    },
    "num_classes": {
        "0": 3
    },
    "num_class": {
        "0": 3
    },
    "labels": {
        "0": [
            "High",
            "Low",
            "Mid"
        ]
    },
    "score_f_name": {
        "0": "GINI"
    },
    "random_state": {
        "0": 254274048
    },
    "time_column": {
        "0": ""
    },
    "tgc": {
        "0": ""
    },
    "pred_gap": {
        "0": ""
    },
    "pred_periods": {
        "0": ""
    },
    "target": {
        "0": ""
    },
    "n_estimators": {
        "0": 300
    },
    "learning_rate": {
        "0": 0.1
    },
    "early_stopping_rounds": {
        "0": 20
    },
    "reg_alpha": {
        "0": 0.0
    },
    "reg_lambda": {
        "0": 2.0
    },
    "gamma": {
        "0": 0
    },
    "max_bin": {
        "0": 64
    },
    "scale_pos_weight": {
        "0": 1.0
    },
    "max_delta_step": {
        "0": 0.0
    },
    "min_child_weight": {
        "0": 1
    },
    "subsample": {
        "0": 0.8
    },
    "colsample_bytree": {
        "0": 0.5
    },
    "tree_method": {
        "0": "gpu_hist"
    },
    "grow_policy": {
        "0": "depthwise"
    },
    "max_leaves": {
        "0": 0
    },
    "max_depth": {
        "0": 3
    },
    "min_data_in_bin": {
        "0": 1
    },
    "min_child_samples": {
        "0": 50
    },
    "boosting_type": {
        "0": "gbdt"
    },
    "enable_early_stopping_rounds": {
        "0": true
    },
    "objective": {
        "0": "multi:softprob"
    },
    "eval_metric": {
        "0": "mlogloss"
    },
    "monotonicity_constraints": {
        "0": false
    },
    "silent": {
        "0": true
    },
    "seed": {
        "0": 254274048
    },
    "disable_gpus": {
        "0": false
    },
    "lossguide": {
        "0": false
    },
    "dummy": {
        "0": false
    },
    "ensemble_level": {
        "0": 1
    },
    "train_shape": {
        "0": [
            35672,
            28
        ]
    },
    "valid_shape": {
        "0": ""
    },
    "model_origin": {
        "0": "DefaultIndiv: do_te:only,interp:5,depth:6,num_as_cat:False"
    },
    "subsample_freq": {
        "0": 20
    }
}{
    "indiv_id": {
        "5": 2
    },
    "iter_num": {
        "5": 6
    },
    "accuracy": {
        "5": 2
    },
    "time_tolerance": {
        "5": 5
    },
    "interpretability": {
        "5": 5
    },
    "score": {
        "5": 0.8786829971
    },
    "tournament_score": {
        "5": 0.8786829971
    },
    "score_sd": {
        "5": 0.0033859756
    },
    "top derived_features": {
        "5": "[['28_ClusterDist6:cleaning_fee:extra_people:guests_included:security_deposit.5', 1.0], ['2_cleaning_fee', 0.9411498308181763], ['33_ClusterTE:ClusterID50:cleaning_fee:extra_people:guests_included:latitude:longitude:minimum_nights:security_deposit.2', 0.5018106698989868]]"
    },
    "top original_features": {
        "5": "[['cleaning_fee', 0.19749432492554408], ['guests_included', 0.16851835907915774], ['security_deposit', 0.15806479890004735]]"
    },
    "training_times": {
        "5": 14.1594052315
    },
    "best_iterations": {
        "5": 188
    },
    "last_3_mutation_try_actual_actions": {
        "5": [
            [
                "prune_by_features",
                "prune_by_features_3"
            ],
            [
                "prune",
                "prune_1"
            ],
            [
                "add",
                "add"
            ]
        ]
    },
    "ngenes_start": {
        "5": 28
    },
    "ngenes_max": {
        "5": 300
    },
    "ngenes": {
        "5": 26
    },
    "ngenes_dead": {
        "5": 10
    },
    "nfeatures_max": {
        "5": 300
    },
    "nfeatures": {
        "5": 97
    },
    "feature_cost": {
        "5": 97
    },
    "model_name": {
        "5": "LIGHTGBM"
    },
    "target_transformer_name": {
        "5": "NoneType"
    },
    "from_brain": {
        "5": false
    },
    "derived_from_brain": {
        "5": false
    },
    "from_brain_count": {
        "5": 0
    },
    "derived_from_brain_count": {
        "5": 0
    },
    "booster": {
        "5": "lightgbm"
    },
    "model_class_name": {
        "5": "LightGBMModel"
    },
    "n_gpus": {
        "5": 1
    },
    "gpu_id": {
        "5": 0
    },
    "n_jobs": {
        "5": 2
    },
    "num_classes": {
        "5": 3
    },
    "num_class": {
        "5": 3
    },
    "labels": {
        "5": [
            "High",
            "Low",
            "Mid"
        ]
    },
    "score_f_name": {
        "5": "GINI"
    },
    "random_state": {
        "5": 254274048
    },
    "time_column": {
        "5": ""
    },
    "tgc": {
        "5": ""
    },
    "pred_gap": {
        "5": ""
    },
    "pred_periods": {
        "5": ""
    },
    "target": {
        "5": ""
    },
    "n_estimators": {
        "5": 300
    },
    "learning_rate": {
        "5": 0.1
    },
    "early_stopping_rounds": {
        "5": 20
    },
    "reg_alpha": {
        "5": 0.0
    },
    "reg_lambda": {
        "5": 1.0
    },
    "gamma": {
        "5": 0
    },
    "max_bin": {
        "5": 256
    },
    "scale_pos_weight": {
        "5": 1.0
    },
    "max_delta_step": {
        "5": 0.0
    },
    "min_child_weight": {
        "5": 1
    },
    "subsample": {
        "5": 0.7
    },
    "colsample_bytree": {
        "5": 0.8
    },
    "tree_method": {
        "5": "gpu_hist"
    },
    "grow_policy": {
        "5": "depthwise"
    },
    "max_leaves": {
        "5": 0
    },
    "max_depth": {
        "5": 6
    },
    "min_data_in_bin": {
        "5": 1
    },
    "min_child_samples": {
        "5": 1
    },
    "boosting_type": {
        "5": "gbdt"
    },
    "enable_early_stopping_rounds": {
        "5": true
    },
    "objective": {
        "5": "multi:softprob"
    },
    "eval_metric": {
        "5": "mlogloss"
    },
    "monotonicity_constraints": {
        "5": false
    },
    "silent": {
        "5": true
    },
    "seed": {
        "5": 254274048
    },
    "disable_gpus": {
        "5": false
    },
    "lossguide": {
        "5": false
    },
    "dummy": {
        "5": false
    },
    "ensemble_level": {
        "5": 1
    },
    "train_shape": {
        "5": [
            35672,
            28
        ]
    },
    "valid_shape": {
        "5": ""
    },
    "model_origin": {
        "5": "DefaultIndiv: do_te:only,interp:5,depth:6,num_as_cat:False"
    },
    "early_stopping_threshold": {
        "5": ""
    },
    "debug_verbose": {
        "5": ""
    },
    "subsample_freq": {
        "5": ""
    }
}{
    "indiv_id": {
        "6": 0
    },
    "iter_num": {
        "6": 7
    },
    "accuracy": {
        "6": 2
    },
    "time_tolerance": {
        "6": 5
    },
    "interpretability": {
        "6": 5
    },
    "score": {
        "6": 0.8776256608
    },
    "tournament_score": {
        "6": 0.8776256608
    },
    "score_sd": {
        "6": 0.0036037294
    },
    "top derived_features": {
        "6": "[['28_ClusterDist6:cleaning_fee:extra_people:guests_included:security_deposit.5', 1.0], ['2_cleaning_fee', 0.904411792755127], ['33_ClusterTE:ClusterID50:cleaning_fee:extra_people:guests_included:latitude:longitude:minimum_nights:security_deposit.2', 0.5064926743507385]]"
    },
    "top original_features": {
        "6": "[['cleaning_fee', 0.20060447787367158], ['guests_included', 0.17010490731034095], ['security_deposit', 0.16074631004906872]]"
    },
    "training_times": {
        "6": 15.1853711605
    },
    "best_iterations": {
        "6": 167
    },
    "last_3_mutation_try_actual_actions": {
        "6": [
            [
                "add",
                "add"
            ],
            [
                "prune_by_features",
                "prune_by_features_1"
            ],
            [
                "add_best",
                "add_best"
            ]
        ]
    },
    "ngenes_start": {
        "6": 28
    },
    "ngenes_max": {
        "6": 300
    },
    "ngenes": {
        "6": 26
    },
    "ngenes_dead": {
        "6": 11
    },
    "nfeatures_max": {
        "6": 300
    },
    "nfeatures": {
        "6": 98
    },
    "feature_cost": {
        "6": 98
    },
    "model_name": {
        "6": "LIGHTGBM"
    },
    "target_transformer_name": {
        "6": "NoneType"
    },
    "from_brain": {
        "6": false
    },
    "derived_from_brain": {
        "6": false
    },
    "from_brain_count": {
        "6": 0
    },
    "derived_from_brain_count": {
        "6": 0
    },
    "booster": {
        "6": "lightgbm"
    },
    "model_class_name": {
        "6": "LightGBMModel"
    },
    "n_gpus": {
        "6": 1
    },
    "gpu_id": {
        "6": 0
    },
    "n_jobs": {
        "6": 2
    },
    "num_classes": {
        "6": 3
    },
    "num_class": {
        "6": 3
    },
    "labels": {
        "6": [
            "High",
            "Low",
            "Mid"
        ]
    },
    "score_f_name": {
        "6": "GINI"
    },
    "random_state": {
        "6": 254274048
    },
    "time_column": {
        "6": ""
    },
    "tgc": {
        "6": ""
    },
    "pred_gap": {
        "6": ""
    },
    "pred_periods": {
        "6": ""
    },
    "target": {
        "6": ""
    },
    "n_estimators": {
        "6": 300
    },
    "learning_rate": {
        "6": 0.1
    },
    "early_stopping_rounds": {
        "6": 20
    },
    "reg_alpha": {
        "6": 0.0
    },
    "reg_lambda": {
        "6": 1.0
    },
    "gamma": {
        "6": 0
    },
    "max_bin": {
        "6": 256
    },
    "scale_pos_weight": {
        "6": 1.0
    },
    "max_delta_step": {
        "6": 0.0
    },
    "min_child_weight": {
        "6": 1
    },
    "subsample": {
        "6": 0.7
    },
    "colsample_bytree": {
        "6": 0.8
    },
    "tree_method": {
        "6": "gpu_hist"
    },
    "grow_policy": {
        "6": "depthwise"
    },
    "max_leaves": {
        "6": 0
    },
    "max_depth": {
        "6": 6
    },
    "min_data_in_bin": {
        "6": 1
    },
    "min_child_samples": {
        "6": 1
    },
    "boosting_type": {
        "6": "gbdt"
    },
    "enable_early_stopping_rounds": {
        "6": true
    },
    "objective": {
        "6": "multi:softprob"
    },
    "eval_metric": {
        "6": "mlogloss"
    },
    "monotonicity_constraints": {
        "6": false
    },
    "silent": {
        "6": true
    },
    "seed": {
        "6": 254274048
    },
    "disable_gpus": {
        "6": false
    },
    "lossguide": {
        "6": false
    },
    "dummy": {
        "6": false
    },
    "ensemble_level": {
        "6": 1
    },
    "train_shape": {
        "6": [
            35672,
            28
        ]
    },
    "valid_shape": {
        "6": ""
    },
    "model_origin": {
        "6": "DefaultIndiv: do_te:only,interp:5,depth:6,num_as_cat:False"
    },
    "early_stopping_threshold": {
        "6": ""
    },
    "debug_verbose": {
        "6": ""
    },
    "subsample_freq": {
        "6": ""
    }
}{
    "indiv_id": {
        "7": 1
    },
    "iter_num": {
        "7": 8
    },
    "accuracy": {
        "7": 2
    },
    "time_tolerance": {
        "7": 5
    },
    "interpretability": {
        "7": 5
    },
    "score": {
        "7": 0.8769283668
    },
    "tournament_score": {
        "7": 0.8769283668
    },
    "score_sd": {
        "7": 0.0036709272
    },
    "top derived_features": {
        "7": "[['28_ClusterDist6:cleaning_fee:extra_people:guests_included:security_deposit.5', 1.0], ['2_cleaning_fee', 0.7461879849433899], ['33_ClusterTE:ClusterID50:cleaning_fee:extra_people:guests_included:latitude:longitude:minimum_nights:security_deposit.2', 0.44737517833709717]]"
    },
    "top original_features": {
        "7": "[['cleaning_fee', 0.19703376160704547], ['guests_included', 0.1710105079641599], ['security_deposit', 0.16202566513780767]]"
    },
    "training_times": {
        "7": 13.1172084808
    },
    "best_iterations": {
        "7": 170
    },
    "last_3_mutation_try_actual_actions": {
        "7": [
            [
                "add",
                "add"
            ],
            [
                "prune_by_features",
                "prune_by_features_1"
            ],
            [
                "prune_by_features",
                "prune_by_features_1"
            ]
        ]
    },
    "ngenes_start": {
        "7": 28
    },
    "ngenes_max": {
        "7": 300
    },
    "ngenes": {
        "7": 24
    },
    "ngenes_dead": {
        "7": 12
    },
    "nfeatures_max": {
        "7": 300
    },
    "nfeatures": {
        "7": 96
    },
    "feature_cost": {
        "7": 96
    },
    "model_name": {
        "7": "LIGHTGBM"
    },
    "target_transformer_name": {
        "7": "NoneType"
    },
    "from_brain": {
        "7": false
    },
    "derived_from_brain": {
        "7": false
    },
    "from_brain_count": {
        "7": 0
    },
    "derived_from_brain_count": {
        "7": 0
    },
    "booster": {
        "7": "lightgbm"
    },
    "model_class_name": {
        "7": "LightGBMModel"
    },
    "n_gpus": {
        "7": 1
    },
    "gpu_id": {
        "7": 0
    },
    "n_jobs": {
        "7": 2
    },
    "num_classes": {
        "7": 3
    },
    "num_class": {
        "7": 3
    },
    "labels": {
        "7": [
            "High",
            "Low",
            "Mid"
        ]
    },
    "score_f_name": {
        "7": "GINI"
    },
    "random_state": {
        "7": 254274048
    },
    "time_column": {
        "7": ""
    },
    "tgc": {
        "7": ""
    },
    "pred_gap": {
        "7": ""
    },
    "pred_periods": {
        "7": ""
    },
    "target": {
        "7": ""
    },
    "n_estimators": {
        "7": 300
    },
    "learning_rate": {
        "7": 0.1
    },
    "early_stopping_rounds": {
        "7": 20
    },
    "reg_alpha": {
        "7": 0.0
    },
    "reg_lambda": {
        "7": 1.0
    },
    "gamma": {
        "7": 0
    },
    "max_bin": {
        "7": 256
    },
    "scale_pos_weight": {
        "7": 1.0
    },
    "max_delta_step": {
        "7": 0.0
    },
    "min_child_weight": {
        "7": 1
    },
    "subsample": {
        "7": 0.7
    },
    "colsample_bytree": {
        "7": 0.8
    },
    "tree_method": {
        "7": "gpu_hist"
    },
    "grow_policy": {
        "7": "depthwise"
    },
    "max_leaves": {
        "7": 0
    },
    "max_depth": {
        "7": 6
    },
    "min_data_in_bin": {
        "7": 1
    },
    "min_child_samples": {
        "7": 1
    },
    "boosting_type": {
        "7": "gbdt"
    },
    "enable_early_stopping_rounds": {
        "7": true
    },
    "objective": {
        "7": "multi:softprob"
    },
    "eval_metric": {
        "7": "mlogloss"
    },
    "monotonicity_constraints": {
        "7": false
    },
    "silent": {
        "7": true
    },
    "seed": {
        "7": 254274048
    },
    "disable_gpus": {
        "7": false
    },
    "lossguide": {
        "7": false
    },
    "dummy": {
        "7": false
    },
    "ensemble_level": {
        "7": 1
    },
    "train_shape": {
        "7": [
            35672,
            28
        ]
    },
    "valid_shape": {
        "7": ""
    },
    "model_origin": {
        "7": "DefaultIndiv: do_te:only,interp:5,depth:6,num_as_cat:False"
    },
    "early_stopping_threshold": {
        "7": ""
    },
    "debug_verbose": {
        "7": ""
    },
    "subsample_freq": {
        "7": ""
    }
}{
    "indiv_id": {
        "8": 1
    },
    "iter_num": {
        "8": 9
    },
    "accuracy": {
        "8": 2
    },
    "time_tolerance": {
        "8": 5
    },
    "interpretability": {
        "8": 5
    },
    "score": {
        "8": 0.8762108601
    },
    "tournament_score": {
        "8": 0.8762108601
    },
    "score_sd": {
        "8": 0.0036173075
    },
    "top derived_features": {
        "8": "[['28_ClusterDist6:cleaning_fee:extra_people:guests_included:security_deposit.5', 1.0], ['2_cleaning_fee', 0.9948883056640625], ['33_ClusterTE:ClusterID50:cleaning_fee:extra_people:guests_included:latitude:longitude:minimum_nights:security_deposit.2', 0.5843590497970581]]"
    },
    "top original_features": {
        "8": "[['cleaning_fee', 0.20034419662104921], ['guests_included', 0.16796872678611718], ['security_deposit', 0.1609521403790622]]"
    },
    "training_times": {
        "8": 10.0371632576
    },
    "best_iterations": {
        "8": 121
    },
    "last_3_mutation_try_actual_actions": {
        "8": [
            [
                "add",
                "add"
            ],
            [
                "prune",
                "prune_3"
            ],
            [
                "add",
                "add"
            ]
        ]
    },
    "ngenes_start": {
        "8": 28
    },
    "ngenes_max": {
        "8": 300
    },
    "ngenes": {
        "8": 24
    },
    "ngenes_dead": {
        "8": 15
    },
    "nfeatures_max": {
        "8": 300
    },
    "nfeatures": {
        "8": 97
    },
    "feature_cost": {
        "8": 97
    },
    "model_name": {
        "8": "LIGHTGBM"
    },
    "target_transformer_name": {
        "8": "NoneType"
    },
    "from_brain": {
        "8": false
    },
    "derived_from_brain": {
        "8": false
    },
    "from_brain_count": {
        "8": 0
    },
    "derived_from_brain_count": {
        "8": 0
    },
    "booster": {
        "8": "lightgbm"
    },
    "model_class_name": {
        "8": "LightGBMModel"
    },
    "n_gpus": {
        "8": 1
    },
    "gpu_id": {
        "8": 0
    },
    "n_jobs": {
        "8": 2
    },
    "num_classes": {
        "8": 3
    },
    "num_class": {
        "8": 3
    },
    "labels": {
        "8": [
            "High",
            "Low",
            "Mid"
        ]
    },
    "score_f_name": {
        "8": "GINI"
    },
    "random_state": {
        "8": 254274048
    },
    "time_column": {
        "8": ""
    },
    "tgc": {
        "8": ""
    },
    "pred_gap": {
        "8": ""
    },
    "pred_periods": {
        "8": ""
    },
    "target": {
        "8": ""
    },
    "n_estimators": {
        "8": 300
    },
    "learning_rate": {
        "8": 0.1
    },
    "early_stopping_rounds": {
        "8": 20
    },
    "reg_alpha": {
        "8": 0.0
    },
    "reg_lambda": {
        "8": 1.0
    },
    "gamma": {
        "8": 0
    },
    "max_bin": {
        "8": 256
    },
    "scale_pos_weight": {
        "8": 1.0
    },
    "max_delta_step": {
        "8": 0.0
    },
    "min_child_weight": {
        "8": 1
    },
    "subsample": {
        "8": 0.7
    },
    "colsample_bytree": {
        "8": 0.8
    },
    "tree_method": {
        "8": "gpu_hist"
    },
    "grow_policy": {
        "8": "depthwise"
    },
    "max_leaves": {
        "8": 0
    },
    "max_depth": {
        "8": 6
    },
    "min_data_in_bin": {
        "8": 1
    },
    "min_child_samples": {
        "8": 1
    },
    "boosting_type": {
        "8": "gbdt"
    },
    "enable_early_stopping_rounds": {
        "8": true
    },
    "objective": {
        "8": "multi:softprob"
    },
    "eval_metric": {
        "8": "mlogloss"
    },
    "monotonicity_constraints": {
        "8": false
    },
    "silent": {
        "8": true
    },
    "seed": {
        "8": 254274048
    },
    "disable_gpus": {
        "8": false
    },
    "lossguide": {
        "8": false
    },
    "dummy": {
        "8": false
    },
    "ensemble_level": {
        "8": 1
    },
    "train_shape": {
        "8": [
            35672,
            28
        ]
    },
    "valid_shape": {
        "8": ""
    },
    "model_origin": {
        "8": "DefaultIndiv: do_te:only,interp:5,depth:6,num_as_cat:False"
    },
    "early_stopping_threshold": {
        "8": ""
    },
    "debug_verbose": {
        "8": ""
    },
    "subsample_freq": {
        "8": ""
    }
}{
    "indiv_id": {
        "9": 2
    },
    "iter_num": {
        "9": 10
    },
    "accuracy": {
        "9": 2
    },
    "time_tolerance": {
        "9": 5
    },
    "interpretability": {
        "9": 5
    },
    "score": {
        "9": 0.8755805624
    },
    "tournament_score": {
        "9": 0.8755805624
    },
    "score_sd": {
        "9": 0.0036786352
    },
    "top derived_features": {
        "9": "[['28_ClusterDist6:cleaning_fee:extra_people:guests_included:security_deposit.5', 1.0], ['2_cleaning_fee', 0.6948851943016052], ['33_ClusterTE:ClusterID50:cleaning_fee:extra_people:guests_included:latitude:longitude:minimum_nights:security_deposit.2', 0.36136940121650696]]"
    },
    "top original_features": {
        "9": "[['cleaning_fee', 0.20028635335274347], ['guests_included', 0.17485020506112725], ['extra_people', 0.16712525168539008]]"
    },
    "training_times": {
        "9": 6.849476099
    },
    "best_iterations": {
        "9": 163
    },
    "last_3_mutation_try_actual_actions": {
        "9": [
            [
                "add_best",
                "add_best"
            ],
            [
                "perturb_xgb",
                "perturb_xgb"
            ],
            [
                "prune",
                "prune_2"
            ]
        ]
    },
    "ngenes_start": {
        "9": 28
    },
    "ngenes_max": {
        "9": 300
    },
    "ngenes": {
        "9": 25
    },
    "ngenes_dead": {
        "9": 14
    },
    "nfeatures_max": {
        "9": 300
    },
    "nfeatures": {
        "9": 101
    },
    "feature_cost": {
        "9": 101
    },
    "model_name": {
        "9": "LIGHTGBM"
    },
    "target_transformer_name": {
        "9": "NoneType"
    },
    "from_brain": {
        "9": false
    },
    "derived_from_brain": {
        "9": false
    },
    "from_brain_count": {
        "9": 0
    },
    "derived_from_brain_count": {
        "9": 0
    },
    "booster": {
        "9": "lightgbm"
    },
    "model_class_name": {
        "9": "LightGBMModel"
    },
    "n_gpus": {
        "9": 1
    },
    "gpu_id": {
        "9": 0
    },
    "n_jobs": {
        "9": 2
    },
    "num_classes": {
        "9": 3
    },
    "num_class": {
        "9": 3
    },
    "labels": {
        "9": [
            "High",
            "Low",
            "Mid"
        ]
    },
    "score_f_name": {
        "9": "GINI"
    },
    "random_state": {
        "9": 254274048
    },
    "time_column": {
        "9": ""
    },
    "tgc": {
        "9": ""
    },
    "pred_gap": {
        "9": ""
    },
    "pred_periods": {
        "9": ""
    },
    "target": {
        "9": ""
    },
    "n_estimators": {
        "9": 300
    },
    "learning_rate": {
        "9": 0.1
    },
    "early_stopping_rounds": {
        "9": 20
    },
    "reg_alpha": {
        "9": 0.0
    },
    "reg_lambda": {
        "9": 1.0
    },
    "gamma": {
        "9": 0
    },
    "max_bin": {
        "9": 64
    },
    "scale_pos_weight": {
        "9": 1.0
    },
    "max_delta_step": {
        "9": 0.0
    },
    "min_child_weight": {
        "9": 1
    },
    "subsample": {
        "9": 0.7
    },
    "colsample_bytree": {
        "9": 0.8
    },
    "tree_method": {
        "9": "gpu_hist"
    },
    "grow_policy": {
        "9": "depthwise"
    },
    "max_leaves": {
        "9": 0
    },
    "max_depth": {
        "9": 6
    },
    "min_data_in_bin": {
        "9": 1
    },
    "min_child_samples": {
        "9": 1
    },
    "boosting_type": {
        "9": "gbdt"
    },
    "enable_early_stopping_rounds": {
        "9": true
    },
    "objective": {
        "9": "multi:softprob"
    },
    "eval_metric": {
        "9": "mlogloss"
    },
    "monotonicity_constraints": {
        "9": false
    },
    "silent": {
        "9": true
    },
    "seed": {
        "9": 254274048
    },
    "disable_gpus": {
        "9": false
    },
    "lossguide": {
        "9": false
    },
    "dummy": {
        "9": false
    },
    "ensemble_level": {
        "9": 1
    },
    "train_shape": {
        "9": [
            35672,
            28
        ]
    },
    "valid_shape": {
        "9": ""
    },
    "model_origin": {
        "9": "DefaultIndiv: do_te:only,interp:5,depth:6,num_as_cat:False"
    },
    "early_stopping_threshold": {
        "9": ""
    },
    "debug_verbose": {
        "9": ""
    },
    "subsample_freq": {
        "9": 20
    }
}{
    "indiv_id": {
        "10": 0
    },
    "iter_num": {
        "10": 11
    },
    "accuracy": {
        "10": 2
    },
    "time_tolerance": {
        "10": 5
    },
    "interpretability": {
        "10": 5
    },
    "score": {
        "10": 0.8767099906
    },
    "tournament_score": {
        "10": 0.8767099906
    },
    "score_sd": {
        "10": 0.0036972789
    },
    "top derived_features": {
        "10": "[['2_cleaning_fee', 1.0], ['28_ClusterDist6:cleaning_fee:extra_people:guests_included:security_deposit.5', 0.8520597219467163], ['33_ClusterTE:ClusterID50:cleaning_fee:extra_people:guests_included:latitude:longitude:minimum_nights:security_deposit.2', 0.47971463203430176]]"
    },
    "top original_features": {
        "10": "[['cleaning_fee', 0.20432074640109935], ['guests_included', 0.16569354084633037], ['extra_people', 0.15563886900496965]]"
    },
    "training_times": {
        "10": 10.7492642403
    },
    "best_iterations": {
        "10": 131
    },
    "last_3_mutation_try_actual_actions": {
        "10": [
            [
                "add_best",
                "add_best"
            ],
            [
                "add_best",
                "add_best"
            ],
            [
                "prune_by_features",
                "prune_by_features_3"
            ]
        ]
    },
    "ngenes_start": {
        "10": 28
    },
    "ngenes_max": {
        "10": 300
    },
    "ngenes": {
        "10": 23
    },
    "ngenes_dead": {
        "10": 17
    },
    "nfeatures_max": {
        "10": 300
    },
    "nfeatures": {
        "10": 95
    },
    "feature_cost": {
        "10": 95
    },
    "model_name": {
        "10": "LIGHTGBM"
    },
    "target_transformer_name": {
        "10": "NoneType"
    },
    "from_brain": {
        "10": false
    },
    "derived_from_brain": {
        "10": false
    },
    "from_brain_count": {
        "10": 0
    },
    "derived_from_brain_count": {
        "10": 0
    },
    "booster": {
        "10": "lightgbm"
    },
    "model_class_name": {
        "10": "LightGBMModel"
    },
    "n_gpus": {
        "10": 1
    },
    "gpu_id": {
        "10": 0
    },
    "n_jobs": {
        "10": 2
    },
    "num_classes": {
        "10": 3
    },
    "num_class": {
        "10": 3
    },
    "labels": {
        "10": [
            "High",
            "Low",
            "Mid"
        ]
    },
    "score_f_name": {
        "10": "GINI"
    },
    "random_state": {
        "10": 254274048
    },
    "time_column": {
        "10": ""
    },
    "tgc": {
        "10": ""
    },
    "pred_gap": {
        "10": ""
    },
    "pred_periods": {
        "10": ""
    },
    "target": {
        "10": ""
    },
    "n_estimators": {
        "10": 300
    },
    "learning_rate": {
        "10": 0.1
    },
    "early_stopping_rounds": {
        "10": 20
    },
    "reg_alpha": {
        "10": 0.0
    },
    "reg_lambda": {
        "10": 1.0
    },
    "gamma": {
        "10": 0
    },
    "max_bin": {
        "10": 256
    },
    "scale_pos_weight": {
        "10": 1.0
    },
    "max_delta_step": {
        "10": 0.0
    },
    "min_child_weight": {
        "10": 1
    },
    "subsample": {
        "10": 0.7
    },
    "colsample_bytree": {
        "10": 0.8
    },
    "tree_method": {
        "10": "gpu_hist"
    },
    "grow_policy": {
        "10": "depthwise"
    },
    "max_leaves": {
        "10": 0
    },
    "max_depth": {
        "10": 6
    },
    "min_data_in_bin": {
        "10": 1
    },
    "min_child_samples": {
        "10": 1
    },
    "boosting_type": {
        "10": "gbdt"
    },
    "enable_early_stopping_rounds": {
        "10": true
    },
    "objective": {
        "10": "multi:softprob"
    },
    "eval_metric": {
        "10": "mlogloss"
    },
    "monotonicity_constraints": {
        "10": false
    },
    "silent": {
        "10": true
    },
    "seed": {
        "10": 254274048
    },
    "disable_gpus": {
        "10": false
    },
    "lossguide": {
        "10": false
    },
    "dummy": {
        "10": false
    },
    "ensemble_level": {
        "10": 1
    },
    "train_shape": {
        "10": [
            35672,
            28
        ]
    },
    "valid_shape": {
        "10": ""
    },
    "model_origin": {
        "10": "DefaultIndiv: do_te:only,interp:5,depth:6,num_as_cat:False"
    },
    "early_stopping_threshold": {
        "10": ""
    },
    "debug_verbose": {
        "10": ""
    },
    "subsample_freq": {
        "10": ""
    }
}{
    "indiv_id": {
        "11": 2
    },
    "iter_num": {
        "11": 12
    },
    "accuracy": {
        "11": 2
    },
    "time_tolerance": {
        "11": 5
    },
    "interpretability": {
        "11": 5
    },
    "score": {
        "11": 0.8745416106
    },
    "tournament_score": {
        "11": 0.8745416106
    },
    "score_sd": {
        "11": 0.0036225483
    },
    "top derived_features": {
        "11": "[['28_ClusterDist6:cleaning_fee:extra_people:guests_included:security_deposit.5', 1.0], ['2_cleaning_fee', 0.6756464242935181], ['33_ClusterTE:ClusterID50:cleaning_fee:extra_people:guests_included:latitude:longitude:minimum_nights:security_deposit.2', 0.6119289398193359]]"
    },
    "top original_features": {
        "11": "[['cleaning_fee', 0.187236293596085], ['guests_included', 0.17809928429284216], ['security_deposit', 0.16979087422988443]]"
    },
    "training_times": {
        "11": 8.0934004784
    },
    "best_iterations": {
        "11": 139
    },
    "last_3_mutation_try_actual_actions": {
        "11": [
            [
                "perturb_xgb",
                "perturb_xgb"
            ],
            [
                "add_best",
                "add_best"
            ],
            [
                "prune",
                "prune_3"
            ]
        ]
    },
    "ngenes_start": {
        "11": 28
    },
    "ngenes_max": {
        "11": 300
    },
    "ngenes": {
        "11": 24
    },
    "ngenes_dead": {
        "11": 14
    },
    "nfeatures_max": {
        "11": 300
    },
    "nfeatures": {
        "11": 98
    },
    "feature_cost": {
        "11": 98
    },
    "model_name": {
        "11": "LIGHTGBM"
    },
    "target_transformer_name": {
        "11": "NoneType"
    },
    "from_brain": {
        "11": false
    },
    "derived_from_brain": {
        "11": false
    },
    "from_brain_count": {
        "11": 0
    },
    "derived_from_brain_count": {
        "11": 0
    },
    "booster": {
        "11": "lightgbm"
    },
    "model_class_name": {
        "11": "LightGBMModel"
    },
    "n_gpus": {
        "11": 1
    },
    "gpu_id": {
        "11": 0
    },
    "n_jobs": {
        "11": 2
    },
    "num_classes": {
        "11": 3
    },
    "num_class": {
        "11": 3
    },
    "labels": {
        "11": [
            "High",
            "Low",
            "Mid"
        ]
    },
    "score_f_name": {
        "11": "GINI"
    },
    "random_state": {
        "11": 254274048
    },
    "time_column": {
        "11": ""
    },
    "tgc": {
        "11": ""
    },
    "pred_gap": {
        "11": ""
    },
    "pred_periods": {
        "11": ""
    },
    "target": {
        "11": ""
    },
    "n_estimators": {
        "11": 300
    },
    "learning_rate": {
        "11": 0.1
    },
    "early_stopping_rounds": {
        "11": 20
    },
    "reg_alpha": {
        "11": 0.0
    },
    "reg_lambda": {
        "11": 2.0
    },
    "gamma": {
        "11": 0
    },
    "max_bin": {
        "11": 256
    },
    "scale_pos_weight": {
        "11": 1.0
    },
    "max_delta_step": {
        "11": 0.0
    },
    "min_child_weight": {
        "11": 1
    },
    "subsample": {
        "11": 0.7
    },
    "colsample_bytree": {
        "11": 0.8
    },
    "tree_method": {
        "11": "gpu_hist"
    },
    "grow_policy": {
        "11": "depthwise"
    },
    "max_leaves": {
        "11": 0
    },
    "max_depth": {
        "11": 6
    },
    "min_data_in_bin": {
        "11": 1
    },
    "min_child_samples": {
        "11": 1
    },
    "boosting_type": {
        "11": "gbdt"
    },
    "enable_early_stopping_rounds": {
        "11": true
    },
    "objective": {
        "11": "multi:softprob"
    },
    "eval_metric": {
        "11": "mlogloss"
    },
    "monotonicity_constraints": {
        "11": false
    },
    "silent": {
        "11": true
    },
    "seed": {
        "11": 254274048
    },
    "disable_gpus": {
        "11": false
    },
    "lossguide": {
        "11": false
    },
    "dummy": {
        "11": false
    },
    "ensemble_level": {
        "11": 1
    },
    "train_shape": {
        "11": [
            35672,
            28
        ]
    },
    "valid_shape": {
        "11": ""
    },
    "model_origin": {
        "11": "DefaultIndiv: do_te:only,interp:5,depth:6,num_as_cat:False"
    },
    "early_stopping_threshold": {
        "11": ""
    },
    "debug_verbose": {
        "11": ""
    },
    "subsample_freq": {
        "11": 20
    }
}