indiv_id,iter_num,accuracy,time_tolerance,interpretability,score,tournament_score,score_sd,top derived_features,top original_features,training_times,best_iterations,last_3_mutation_try_actual_actions,ngenes_start,ngenes_max,ngenes,ngenes_dead,nfeatures_max,nfeatures,feature_cost,model_name,target_transformer_name,from_brain,derived_from_brain,from_brain_count,derived_from_brain_count,booster,model_class_name,n_gpus,gpu_id,n_jobs,num_classes,num_class,labels,score_f_name,random_state,time_column,tgc,pred_gap,pred_periods,target,n_estimators,learning_rate,early_stopping_rounds,reg_alpha,reg_lambda,gamma,max_bin,scale_pos_weight,max_delta_step,min_child_weight,subsample,colsample_bytree,tree_method,grow_policy,max_leaves,max_depth,min_data_in_bin,min_child_samples,boosting_type,enable_early_stopping_rounds,objective,eval_metric,monotonicity_constraints,silent,seed,disable_gpus,lossguide,dummy,ensemble_level,train_shape,valid_shape,model_origin,early_stopping_threshold,debug_verbose,subsample_freq
0,-1,2,5,5,0.8774027299989027,0.8774027299989027,0.0024177516019255815,"[['2_cleaning_fee', 1.0], ['7_guests_included', 0.20879162847995758], ['25_CVTE:zipcode.1', 0.13313253223896027]]","[['cleaning_fee', 0.38616054862411425], ['zipcode', 0.11572574196800937], ['location', 0.10477893510480939]]",7.854526519775391,136,[],26,300,26,0,300,32,32,LIGHTGBM,NoneType,False,False,0,0,lightgbm,LightGBMModel,1,0,2,3,3,"['High', 'Low', 'Mid']",GINI,254274048,,,,,,300,0.1,20,0.0,1.0,0,256,1.0,0.0,1,0.7,0.8,gpu_hist,depthwise,0,6,1.0,1.0,gbdt,True,multi:softprob,mlogloss,False,True,254274048,False,False,False,1,"(35672, 28)",,SEQUENCE,,,
0,1,2,5,5,0.8759580945642965,0.8759580945642965,0.0021297217694780306,"[['2_cleaning_fee', 1.0], ['7_guests_included', 0.24651244282722473], ['13_longitude', 0.14657576382160187]]","[['cleaning_fee', 0.4769777954061303], ['guests_included', 0.11758096151990939], ['amenities', 0.08178014953584888]]",19.720364093780518,157,[],26,300,26,0,300,32,32,XGBOOSTGBM,NoneType,False,False,0,0,gbtree,XGBoostGBMModel,1,0,2,3,3,"['High', 'Low', 'Mid']",GINI,254274048,,,,,,300,0.1,20,0.0,1.0,0,256,1.0,0.0,1,0.7,0.8,gpu_hist,depthwise,0,6,,,,,multi:softprob,mlogloss,False,True,254274048,False,False,False,1,"(35672, 28)",,SEQUENCE,0.001,0.0,
0,2,2,5,5,0.8777702689939033,0.8777702689939033,0.0024978806399365413,"[['2_cleaning_fee', 1.0], ['7_guests_included', 0.25955209136009216], ['25_CVTE:zipcode.1', 0.1564110666513443]]","[['cleaning_fee', 0.3352550821559573], ['amenities', 0.17076520665303188], ['zipcode', 0.11757861277164479]]",10.06392502784729,164,[],28,300,28,0,300,82,82,LIGHTGBM,NoneType,False,False,0,0,lightgbm,LightGBMModel,1,0,2,3,3,"['High', 'Low', 'Mid']",GINI,254274048,,,,,,300,0.1,20,0.0,1.0,0,256,1.0,0.0,1,0.7,0.8,gpu_hist,depthwise,0,6,1,1,gbdt,True,multi:softprob,mlogloss,False,True,254274048,False,False,False,1,"(35672, 28)",,"DefaultIndiv: do_te:only,interp:5,depth:6,num_as_cat:False",,,
0,3,2,5,5,0.45992767639391174,0.45992767639391174,0.004646696547206954,"[['0_ac', 1.0]]","[['ac', 1.0], ['zipcode', 0.0], ['wifi', 0.0]]",0.24210166931152344,1,[],1,1,1,0,300,1,1,CONSTANT,NoneType,False,False,0,0,constant,ConstantModel,1,0,2,3,3,"['High', 'Low', 'Mid']",GINI,1011415184,,,,,,300,0.1,20,0.0,1.0,0,256,1.0,0.0,1,0.7,0.8,gpu_hist,depthwise,0,6,1,1,gbdt,True,multi:softprob,mlogloss,False,True,1011415184,False,False,False,1,"(35672, 28)",,REF_0,,,
1,5,2,5,5,0.8709945694952742,0.8709945694952742,0.0036463023601074197,"[['2_cleaning_fee', 1.0], ['7_guests_included', 0.34393835067749023], ['25_CVTE:zipcode.1', 0.1594604253768921]]","[['cleaning_fee', 0.3981343680194168], ['guests_included', 0.13693367788462313], ['zipcode', 0.1149917690485909]]",4.248292446136475,299,"[['add_best', 'prune_by_features_3'], ['add_best', 'prune_2'], ['prune_by_features', 'prune_by_features_1']]",28,300,18,16,300,73,73,LIGHTGBM,NoneType,False,False,0,0,lightgbm,LightGBMModel,1,0,2,3,3,"['High', 'Low', 'Mid']",GINI,254274048,,,,,,300,0.1,20,0.0,2.0,0,64,1.0,0.0,1,0.8,0.5,gpu_hist,depthwise,0,3,1,50,gbdt,True,multi:softprob,mlogloss,False,True,254274048,False,False,False,1,"(35672, 28)",,"DefaultIndiv: do_te:only,interp:5,depth:6,num_as_cat:False",,,20.0
2,6,2,5,5,0.8786829971376608,0.8786829971376608,0.0033859755955545708,"[['28_ClusterDist6:cleaning_fee:extra_people:guests_included:security_deposit.5', 1.0], ['2_cleaning_fee', 0.9411498308181763], ['33_ClusterTE:ClusterID50:cleaning_fee:extra_people:guests_included:latitude:longitude:minimum_nights:security_deposit.2', 0.5018106698989868]]","[['cleaning_fee', 0.19749432492554408], ['guests_included', 0.16851835907915774], ['security_deposit', 0.15806479890004735]]",14.15940523147583,188,"[['prune_by_features', 'prune_by_features_3'], ['prune', 'prune_1'], ['add', 'add']]",28,300,26,10,300,97,97,LIGHTGBM,NoneType,False,False,0,0,lightgbm,LightGBMModel,1,0,2,3,3,"['High', 'Low', 'Mid']",GINI,254274048,,,,,,300,0.1,20,0.0,1.0,0,256,1.0,0.0,1,0.7,0.8,gpu_hist,depthwise,0,6,1,1,gbdt,True,multi:softprob,mlogloss,False,True,254274048,False,False,False,1,"(35672, 28)",,"DefaultIndiv: do_te:only,interp:5,depth:6,num_as_cat:False",,,
0,7,2,5,5,0.8776256608210531,0.8776256608210531,0.0036037293832683667,"[['28_ClusterDist6:cleaning_fee:extra_people:guests_included:security_deposit.5', 1.0], ['2_cleaning_fee', 0.904411792755127], ['33_ClusterTE:ClusterID50:cleaning_fee:extra_people:guests_included:latitude:longitude:minimum_nights:security_deposit.2', 0.5064926743507385]]","[['cleaning_fee', 0.20060447787367158], ['guests_included', 0.17010490731034095], ['security_deposit', 0.16074631004906872]]",15.185371160507202,167,"[['add', 'add'], ['prune_by_features', 'prune_by_features_1'], ['add_best', 'add_best']]",28,300,26,11,300,98,98,LIGHTGBM,NoneType,False,False,0,0,lightgbm,LightGBMModel,1,0,2,3,3,"['High', 'Low', 'Mid']",GINI,254274048,,,,,,300,0.1,20,0.0,1.0,0,256,1.0,0.0,1,0.7,0.8,gpu_hist,depthwise,0,6,1,1,gbdt,True,multi:softprob,mlogloss,False,True,254274048,False,False,False,1,"(35672, 28)",,"DefaultIndiv: do_te:only,interp:5,depth:6,num_as_cat:False",,,
1,8,2,5,5,0.8769283668171349,0.8769283668171349,0.003670927243737713,"[['28_ClusterDist6:cleaning_fee:extra_people:guests_included:security_deposit.5', 1.0], ['2_cleaning_fee', 0.7461879849433899], ['33_ClusterTE:ClusterID50:cleaning_fee:extra_people:guests_included:latitude:longitude:minimum_nights:security_deposit.2', 0.44737517833709717]]","[['cleaning_fee', 0.19703376160704547], ['guests_included', 0.1710105079641599], ['security_deposit', 0.16202566513780767]]",13.117208480834961,170,"[['add', 'add'], ['prune_by_features', 'prune_by_features_1'], ['prune_by_features', 'prune_by_features_1']]",28,300,24,12,300,96,96,LIGHTGBM,NoneType,False,False,0,0,lightgbm,LightGBMModel,1,0,2,3,3,"['High', 'Low', 'Mid']",GINI,254274048,,,,,,300,0.1,20,0.0,1.0,0,256,1.0,0.0,1,0.7,0.8,gpu_hist,depthwise,0,6,1,1,gbdt,True,multi:softprob,mlogloss,False,True,254274048,False,False,False,1,"(35672, 28)",,"DefaultIndiv: do_te:only,interp:5,depth:6,num_as_cat:False",,,
1,9,2,5,5,0.8762108600603434,0.8762108600603434,0.0036173074994493865,"[['28_ClusterDist6:cleaning_fee:extra_people:guests_included:security_deposit.5', 1.0], ['2_cleaning_fee', 0.9948883056640625], ['33_ClusterTE:ClusterID50:cleaning_fee:extra_people:guests_included:latitude:longitude:minimum_nights:security_deposit.2', 0.5843590497970581]]","[['cleaning_fee', 0.20034419662104921], ['guests_included', 0.16796872678611718], ['security_deposit', 0.1609521403790622]]",10.037163257598877,121,"[['add', 'add'], ['prune', 'prune_3'], ['add', 'add']]",28,300,24,15,300,97,97,LIGHTGBM,NoneType,False,False,0,0,lightgbm,LightGBMModel,1,0,2,3,3,"['High', 'Low', 'Mid']",GINI,254274048,,,,,,300,0.1,20,0.0,1.0,0,256,1.0,0.0,1,0.7,0.8,gpu_hist,depthwise,0,6,1,1,gbdt,True,multi:softprob,mlogloss,False,True,254274048,False,False,False,1,"(35672, 28)",,"DefaultIndiv: do_te:only,interp:5,depth:6,num_as_cat:False",,,
2,10,2,5,5,0.8755805623503274,0.8755805623503274,0.003678635173162255,"[['28_ClusterDist6:cleaning_fee:extra_people:guests_included:security_deposit.5', 1.0], ['2_cleaning_fee', 0.6948851943016052], ['33_ClusterTE:ClusterID50:cleaning_fee:extra_people:guests_included:latitude:longitude:minimum_nights:security_deposit.2', 0.36136940121650696]]","[['cleaning_fee', 0.20028635335274347], ['guests_included', 0.17485020506112725], ['extra_people', 0.16712525168539008]]",6.849476099014282,163,"[['add_best', 'add_best'], ['perturb_xgb', 'perturb_xgb'], ['prune', 'prune_2']]",28,300,25,14,300,101,101,LIGHTGBM,NoneType,False,False,0,0,lightgbm,LightGBMModel,1,0,2,3,3,"['High', 'Low', 'Mid']",GINI,254274048,,,,,,300,0.1,20,0.0,1.0,0,64,1.0,0.0,1,0.7,0.8,gpu_hist,depthwise,0,6,1,1,gbdt,True,multi:softprob,mlogloss,False,True,254274048,False,False,False,1,"(35672, 28)",,"DefaultIndiv: do_te:only,interp:5,depth:6,num_as_cat:False",,,20
0,11,2,5,5,0.876709990583106,0.876709990583106,0.003697278852828105,"[['2_cleaning_fee', 1.0], ['28_ClusterDist6:cleaning_fee:extra_people:guests_included:security_deposit.5', 0.8520597219467163], ['33_ClusterTE:ClusterID50:cleaning_fee:extra_people:guests_included:latitude:longitude:minimum_nights:security_deposit.2', 0.47971463203430176]]","[['cleaning_fee', 0.20432074640109935], ['guests_included', 0.16569354084633037], ['extra_people', 0.15563886900496965]]",10.749264240264893,131,"[['add_best', 'add_best'], ['add_best', 'add_best'], ['prune_by_features', 'prune_by_features_3']]",28,300,23,17,300,95,95,LIGHTGBM,NoneType,False,False,0,0,lightgbm,LightGBMModel,1,0,2,3,3,"['High', 'Low', 'Mid']",GINI,254274048,,,,,,300,0.1,20,0.0,1.0,0,256,1.0,0.0,1,0.7,0.8,gpu_hist,depthwise,0,6,1,1,gbdt,True,multi:softprob,mlogloss,False,True,254274048,False,False,False,1,"(35672, 28)",,"DefaultIndiv: do_te:only,interp:5,depth:6,num_as_cat:False",,,
2,12,2,5,5,0.8745416105862378,0.8745416105862378,0.0036225483423604696,"[['28_ClusterDist6:cleaning_fee:extra_people:guests_included:security_deposit.5', 1.0], ['2_cleaning_fee', 0.6756464242935181], ['33_ClusterTE:ClusterID50:cleaning_fee:extra_people:guests_included:latitude:longitude:minimum_nights:security_deposit.2', 0.6119289398193359]]","[['cleaning_fee', 0.187236293596085], ['guests_included', 0.17809928429284216], ['security_deposit', 0.16979087422988443]]",8.093400478363037,139,"[['perturb_xgb', 'perturb_xgb'], ['add_best', 'add_best'], ['prune', 'prune_3']]",28,300,24,14,300,98,98,LIGHTGBM,NoneType,False,False,0,0,lightgbm,LightGBMModel,1,0,2,3,3,"['High', 'Low', 'Mid']",GINI,254274048,,,,,,300,0.1,20,0.0,2.0,0,256,1.0,0.0,1,0.7,0.8,gpu_hist,depthwise,0,6,1,1,gbdt,True,multi:softprob,mlogloss,False,True,254274048,False,False,False,1,"(35672, 28)",,"DefaultIndiv: do_te:only,interp:5,depth:6,num_as_cat:False",,,20
