{
    "Relative Importance": {
        "ac": null,
        "amenities": null,
        "bbq": null,
        "cleaning_fee": null,
        "coffee": null,
        "dishwasher": null,
        "dryer": null,
        "extra_people": null,
        "guests_included": null,
        "heating": null,
        "hr": null,
        "htub": null,
        "iron": null,
        "latitude": null,
        "location": null,
        "longitude": null,
        "maximum_nights": null,
        "minimum_nights": null,
        "park": null,
        "parking": null,
        "pet": null,
        "pool": null,
        "price": null,
        "security_deposit": null,
        "washer": null,
        "wifi": null,
        "zipcode": null
    },
    "Standard Deviation of Relative Importance": {
        "ac": null,
        "amenities": null,
        "bbq": null,
        "cleaning_fee": null,
        "coffee": null,
        "dishwasher": null,
        "dryer": null,
        "extra_people": null,
        "guests_included": null,
        "heating": null,
        "hr": null,
        "htub": null,
        "iron": null,
        "latitude": null,
        "location": null,
        "longitude": null,
        "maximum_nights": null,
        "minimum_nights": null,
        "park": null,
        "parking": null,
        "pet": null,
        "pool": null,
        "price": null,
        "security_deposit": null,
        "washer": null,
        "wifi": null,
        "zipcode": null
    },
    "Original Feature": {
        "ac": "ac",
        "amenities": "amenities",
        "bbq": "bbq",
        "cleaning_fee": "cleaning_fee",
        "coffee": "coffee",
        "dishwasher": "dishwasher",
        "dryer": "dryer",
        "extra_people": "extra_people",
        "guests_included": "guests_included",
        "heating": "heating",
        "hr": "hr",
        "htub": "htub",
        "iron": "iron",
        "latitude": "latitude",
        "location": "location",
        "longitude": "longitude",
        "maximum_nights": "maximum_nights",
        "minimum_nights": "minimum_nights",
        "park": "park",
        "parking": "parking",
        "pet": "pet",
        "pool": "pool",
        "price": "price",
        "security_deposit": "security_deposit",
        "washer": "washer",
        "wifi": "wifi",
        "zipcode": "zipcode"
    }
}