{
    "Relative Importance": {
        "price": 1.0,
        "cleaning_fee": 0.2654398382,
        "guests_included": 0.1085282639,
        "security_deposit": 0.0977703258,
        "location": 0.0296736378,
        "longitude": 0.0269430354,
        "zipcode": 0.0246202014,
        "extra_people": 0.0244136788,
        "minimum_nights": 0.0183691494,
        "pool": 0.0152461063,
        "dishwasher": 0.014128007,
        "washer": 0.0124787334,
        "latitude": 0.011997466,
        "htub": 0.0117536224,
        "iron": 0.0076814806,
        "amenities": 0.0065133017,
        "maximum_nights": 0.0046805758,
        "parking": 0.0043325205,
        "coffee": 0.0041162898,
        "park": 0.00351263,
        "bbq": 0.0026819215,
        "heating": 0.0025068857,
        "dryer": 0.0021419309,
        "ac": 0.0014869346,
        "pet": 0.0006964843,
        "wifi": 0.000141749,
        "hr": 0.0001280025
    },
    "Standard Deviation of Relative Importance": {
        "price": 0.0,
        "cleaning_fee": 0.0,
        "guests_included": 0.0,
        "security_deposit": 0.0,
        "location": 0.0,
        "longitude": 0.0,
        "zipcode": 0.0,
        "extra_people": 0.0,
        "minimum_nights": 0.0,
        "pool": 0.0,
        "dishwasher": 0.0,
        "washer": 0.0,
        "latitude": 0.0,
        "htub": 0.0,
        "iron": 0.0,
        "amenities": 0.0,
        "maximum_nights": 0.0,
        "parking": 0.0,
        "coffee": 0.0,
        "park": 0.0,
        "bbq": 0.0,
        "heating": 0.0,
        "dryer": 0.0,
        "ac": 0.0,
        "pet": 0.0,
        "wifi": 0.0,
        "hr": 0.0
    },
    "Feature": {
        "price": "price",
        "cleaning_fee": "cleaning_fee",
        "guests_included": "guests_included",
        "security_deposit": "security_deposit",
        "location": "location",
        "longitude": "longitude",
        "zipcode": "zipcode",
        "extra_people": "extra_people",
        "minimum_nights": "minimum_nights",
        "pool": "pool",
        "dishwasher": "dishwasher",
        "washer": "washer",
        "latitude": "latitude",
        "htub": "htub",
        "iron": "iron",
        "amenities": "amenities",
        "maximum_nights": "maximum_nights",
        "parking": "parking",
        "coffee": "coffee",
        "park": "park",
        "bbq": "bbq",
        "heating": "heating",
        "dryer": "dryer",
        "ac": "ac",
        "pet": "pet",
        "wifi": "wifi",
        "hr": "hr"
    }
}