{"aborted": false, "accuracy": 2, "auto_dl_failure": null, "baseline_score": 0.8774027299989027, "baseline_sd": 0.0024177516019255815, "class_str": "3-class", "classes": 3, "classification": true, "constmodel_preds": "ndarray", "constmodel_score": 0.45991253644314867, "disable_gpus": false, "exceptional": false, "experiment_description": "TrainingForPriceType", "experiment_id": "e3dedfd8-6bdc-11ea-bc2c-0242ac110003", "full_feature_desc": {"10_htub": "htub (Orig)", "12_latitude": "latitude (Orig)", "13_longitude": "longitude (Orig)", "14_maximum_nights": "maximum_nights (Orig)", "15_minimum_nights": "minimum_nights (Orig)", "19_pool": "pool (Orig)", "2_cleaning_fee": "cleaning_fee (Orig)", "20_security_deposit": "security_deposit (Orig)", "21_washer": "washer (Orig)", "22_wifi": "wifi (Orig)", "23_CVTE:amenities.0": "Out-of-fold mean of the response (class 0) grouped by: ['amenities'] using 5 folds [internal:(10, 3, 10)]", "23_CVTE:amenities.1": "Out-of-fold mean of the response (class 1) grouped by: ['amenities'] using 5 folds [internal:(10, 3, 10)]", "23_CVTE:amenities.2": "Out-of-fold mean of the response (class 2) grouped by: ['amenities'] using 5 folds [internal:(10, 3, 10)]", "24_CVTE:location.0": "Out-of-fold mean of the response (class 0) grouped by: ['location'] using 5 folds [internal:(10, 3, 10)]", "24_CVTE:location.1": "Out-of-fold mean of the response (class 1) grouped by: ['location'] using 5 folds [internal:(10, 3, 10)]", "24_CVTE:location.2": "Out-of-fold mean of the response (class 2) grouped by: ['location'] using 5 folds [internal:(10, 3, 10)]", "25_CVTE:zipcode.0": "Out-of-fold mean of the response (class 0) grouped by: ['zipcode'] using 5 folds [internal:(10, 3, 10)]", "25_CVTE:zipcode.1": "Out-of-fold mean of the response (class 1) grouped by: ['zipcode'] using 5 folds [internal:(10, 3, 10)]", "25_CVTE:zipcode.2": "Out-of-fold mean of the response (class 2) grouped by: ['zipcode'] using 5 folds [internal:(10, 3, 10)]", "26_Txt:amenities.0": "Feature #1 of tf-idf-based word embedding  (followed by dimensionality reduction to 50 dimensions) of 'amenities' [internal:(True, 1, 50)]", "26_Txt:amenities.1": "Feature #2 of tf-idf-based word embedding  (followed by dimensionality reduction to 50 dimensions) of 'amenities' [internal:(True, 1, 50)]", "26_Txt:amenities.2": "Feature #3 of tf-idf-based word embedding  (followed by dimensionality reduction to 50 dimensions) of 'amenities' [internal:(True, 1, 50)]", "26_Txt:amenities.3": "Feature #4 of tf-idf-based word embedding  (followed by dimensionality reduction to 50 dimensions) of 'amenities' [internal:(True, 1, 50)]", "26_Txt:amenities.5": "Feature #6 of tf-idf-based word embedding  (followed by dimensionality reduction to 50 dimensions) of 'amenities' [internal:(True, 1, 50)]", "26_Txt:amenities.6": "Feature #7 of tf-idf-based word embedding  (followed by dimensionality reduction to 50 dimensions) of 'amenities' [internal:(True, 1, 50)]", "26_Txt:amenities.7": "Feature #8 of tf-idf-based word embedding  (followed by dimensionality reduction to 50 dimensions) of 'amenities' [internal:(True, 1, 50)]", "26_Txt:amenities.8": "Feature #9 of tf-idf-based word embedding  (followed by dimensionality reduction to 50 dimensions) of 'amenities' [internal:(True, 1, 50)]", "26_Txt:amenities.9": "Feature #10 of tf-idf-based word embedding  (followed by dimensionality reduction to 50 dimensions) of 'amenities' [internal:(True, 1, 50)]", "26_Txt:amenities.10": "Feature #11 of tf-idf-based word embedding  (followed by dimensionality reduction to 50 dimensions) of 'amenities' [internal:(True, 1, 50)]", "26_Txt:amenities.11": "Feature #12 of tf-idf-based word embedding  (followed by dimensionality reduction to 50 dimensions) of 'amenities' [internal:(True, 1, 50)]", "26_Txt:amenities.12": "Feature #13 of tf-idf-based word embedding  (followed by dimensionality reduction to 50 dimensions) of 'amenities' [internal:(True, 1, 50)]", "26_Txt:amenities.13": "Feature #14 of tf-idf-based word embedding  (followed by dimensionality reduction to 50 dimensions) of 'amenities' [internal:(True, 1, 50)]", "26_Txt:amenities.14": "Feature #15 of tf-idf-based word embedding  (followed by dimensionality reduction to 50 dimensions) of 'amenities' [internal:(True, 1, 50)]", "26_Txt:amenities.15": "Feature #16 of tf-idf-based word embedding  (followed by dimensionality reduction to 50 dimensions) of 'amenities' [internal:(True, 1, 50)]", "26_Txt:amenities.16": "Feature #17 of tf-idf-based word embedding  (followed by dimensionality reduction to 50 dimensions) of 'amenities' [internal:(True, 1, 50)]", "26_Txt:amenities.17": "Feature #18 of tf-idf-based word embedding  (followed by dimensionality reduction to 50 dimensions) of 'amenities' [internal:(True, 1, 50)]", "26_Txt:amenities.18": "Feature #19 of tf-idf-based word embedding  (followed by dimensionality reduction to 50 dimensions) of 'amenities' [internal:(True, 1, 50)]", "28_ClusterDist6:cleaning_fee:extra_people:guests_included:security_deposit.0": "Distances to cluster center after segmenting columns ['cleaning_fee', 'extra_people', 'guests_included', 'security_deposit'] into 6 clusters. Distance to cluster #0 [internal:False]", "28_ClusterDist6:cleaning_fee:extra_people:guests_included:security_deposit.1": "Distances to cluster center after segmenting columns ['cleaning_fee', 'extra_people', 'guests_included', 'security_deposit'] into 6 clusters. Distance to cluster #1 [internal:False]", "28_ClusterDist6:cleaning_fee:extra_people:guests_included:security_deposit.2": "Distances to cluster center after segmenting columns ['cleaning_fee', 'extra_people', 'guests_included', 'security_deposit'] into 6 clusters. Distance to cluster #2 [internal:False]", "28_ClusterDist6:cleaning_fee:extra_people:guests_included:security_deposit.3": "Distances to cluster center after segmenting columns ['cleaning_fee', 'extra_people', 'guests_included', 'security_deposit'] into 6 clusters. Distance to cluster #3 [internal:False]", "28_ClusterDist6:cleaning_fee:extra_people:guests_included:security_deposit.4": "Distances to cluster center after segmenting columns ['cleaning_fee', 'extra_people', 'guests_included', 'security_deposit'] into 6 clusters. Distance to cluster #4 [internal:False]", "28_ClusterDist6:cleaning_fee:extra_people:guests_included:security_deposit.5": "Distances to cluster center after segmenting columns ['cleaning_fee', 'extra_people', 'guests_included', 'security_deposit'] into 6 clusters. Distance to cluster #5 [internal:False]", "29_TruncSVD:cleaning_fee:extra_people:guests_included:security_deposit.0": "Component #1 of truncated SVD of ['cleaning_fee', 'extra_people', 'guests_included', 'security_deposit'] into 1 components", "3_coffee": "coffee (Orig)", "30_NumToCatTE:bbq.0": "Out-of-fold mean of the response (class 0) grouped by: ['bbq'] using 5 folds (numeric columns are bucketed into 10 equally populated bins) [internal:(100, 3, 10)]", "30_NumToCatTE:bbq.1": "Out-of-fold mean of the response (class 1) grouped by: ['bbq'] using 5 folds (numeric columns are bucketed into 10 equally populated bins) [internal:(100, 3, 10)]", "30_NumToCatTE:bbq.2": "Out-of-fold mean of the response (class 2) grouped by: ['bbq'] using 5 folds (numeric columns are bucketed into 10 equally populated bins) [internal:(100, 3, 10)]", "31_TruncSVD:coffee:guests_included:minimum_nights.0": "Component #1 of truncated SVD of ['coffee', 'guests_included', 'minimum_nights'] into 2 components", "31_TruncSVD:coffee:guests_included:minimum_nights.1": "Component #2 of truncated SVD of ['coffee', 'guests_included', 'minimum_nights'] into 2 components", "33_ClusterTE:ClusterID50:cleaning_fee:extra_people:guests_included:latitude:longitude:minimum_nights:security_deposit.0": "Out-of-fold mean of the response (class 0) grouped by: ['ClusterID50:cleaning_fee:extra_people:guests_included:latitude:longitude:minimum_nights:security_deposit'] using 5 folds (Clustered into 50 clusters) [internal:(50, False, 100, 3, 10)]", "33_ClusterTE:ClusterID50:cleaning_fee:extra_people:guests_included:latitude:longitude:minimum_nights:security_deposit.1": "Out-of-fold mean of the response (class 1) grouped by: ['ClusterID50:cleaning_fee:extra_people:guests_included:latitude:longitude:minimum_nights:security_deposit'] using 5 folds (Clustered into 50 clusters) [internal:(50, False, 100, 3, 10)]", "33_ClusterTE:ClusterID50:cleaning_fee:extra_people:guests_included:latitude:longitude:minimum_nights:security_deposit.2": "Out-of-fold mean of the response (class 2) grouped by: ['ClusterID50:cleaning_fee:extra_people:guests_included:latitude:longitude:minimum_nights:security_deposit'] using 5 folds (Clustered into 50 clusters) [internal:(50, False, 100, 3, 10)]", "34_ClusterDist6:cleaning_fee:extra_people:guests_included:latitude:minimum_nights:security_deposit.0": "Distances to cluster center after segmenting columns ['cleaning_fee', 'extra_people', 'guests_included', 'latitude', 'minimum_nights', 'security_deposit'] into 6 clusters. Distance to cluster #0 [internal:False]", "34_ClusterDist6:cleaning_fee:extra_people:guests_included:latitude:minimum_nights:security_deposit.1": "Distances to cluster center after segmenting columns ['cleaning_fee', 'extra_people', 'guests_included', 'latitude', 'minimum_nights', 'security_deposit'] into 6 clusters. Distance to cluster #1 [internal:False]", "34_ClusterDist6:cleaning_fee:extra_people:guests_included:latitude:minimum_nights:security_deposit.2": "Distances to cluster center after segmenting columns ['cleaning_fee', 'extra_people', 'guests_included', 'latitude', 'minimum_nights', 'security_deposit'] into 6 clusters. Distance to cluster #2 [internal:False]", "34_ClusterDist6:cleaning_fee:extra_people:guests_included:latitude:minimum_nights:security_deposit.3": "Distances to cluster center after segmenting columns ['cleaning_fee', 'extra_people', 'guests_included', 'latitude', 'minimum_nights', 'security_deposit'] into 6 clusters. Distance to cluster #3 [internal:False]", "34_ClusterDist6:cleaning_fee:extra_people:guests_included:latitude:minimum_nights:security_deposit.4": "Distances to cluster center after segmenting columns ['cleaning_fee', 'extra_people', 'guests_included', 'latitude', 'minimum_nights', 'security_deposit'] into 6 clusters. Distance to cluster #4 [internal:False]", "34_ClusterDist6:cleaning_fee:extra_people:guests_included:latitude:minimum_nights:security_deposit.5": "Distances to cluster center after segmenting columns ['cleaning_fee', 'extra_people', 'guests_included', 'latitude', 'minimum_nights', 'security_deposit'] into 6 clusters. Distance to cluster #5 [internal:False]", "36_NumToCatTE:longitude.0": "Out-of-fold mean of the response (class 0) grouped by: ['longitude'] using 5 folds (numeric columns are bucketed into 100 equally populated bins) [internal:(10, 1, 20)]", "36_NumToCatTE:longitude.1": "Out-of-fold mean of the response (class 1) grouped by: ['longitude'] using 5 folds (numeric columns are bucketed into 100 equally populated bins) [internal:(10, 1, 20)]", "36_NumToCatTE:longitude.2": "Out-of-fold mean of the response (class 2) grouped by: ['longitude'] using 5 folds (numeric columns are bucketed into 100 equally populated bins) [internal:(10, 1, 20)]", "5_dryer": "dryer (Orig)", "6_extra_people": "extra_people (Orig)", "7_guests_included": "guests_included (Orig)"}, "giga": 1073741824, "holdout": "holdout", "host_memory_in_bytes": 64389029888, "host_memory_in_gb": 60, "interpretability": 5, "iter_num": 12, "max_cpu_memory_usage": 920464384, "max_gpu_memory_usage": 368312320.0, "mojo_latency_ms": 0.98588, "mojo_msg": "12.17 secs", "mojo_name": "Mojo scorer building", "mojo_size": 2638213, "name_dict": {"length": 12.16638445854187, "models": 0, "expected_models": 0}, "ncol_effective": 26, "ngpus": 1, "num_cpus": 4, "num_folds": 3, "num_individuals": 2, "num_validation_splits": 1, "only_first_fold_model": true, "python_msg": "127.13 secs", "python_name": "Python scorer building", "scheme": "stratified", "score_f_name": "GINI", "seed": 1011415184, "system": "Docker/Linux", "target": "priceType", "target_fraction": null, "test_data_name": "[Test]", "test_dt_shape": null, "test_score": null, "test_sd": null, "time_column": null, "time_tolerance": 5, "timers_dict": {"Data preparation": "14.91 secs", "Shift/Leakage detection": "20.21 secs", "Model and feature tuning": "71.23 secs (5 models trained)", "Feature evolution": "132.96 secs (8 of 52 models trained)", "Final pipeline training": "233.90 secs (9 models trained)", "Python scorer building": "127.13 secs", "Mojo scorer building": "12.17 secs"}, "timers_dict_for_json": {"Data preparation": {"length": 14.909550189971924, "models": 0, "expected_models": 0}, "Shift/Leakage detection": {"length": 20.208247661590576, "models": 0, "expected_models": 0}, "Model and feature tuning": {"length": 71.23309969902039, "models": 5, "expected_models": 5}, "Feature evolution": {"length": 132.9573802947998, "models": 8, "expected_models": 52}, "Final pipeline training": {"length": 233.89875411987305, "models": 9, "expected_models": 9}, "Python scorer building": {"length": 127.1331729888916, "models": 0, "expected_models": 0}, "Mojo scorer building": {"length": 12.16638445854187, "models": 0, "expected_models": 0}}, "tmp_dir": "./tmp/h2oai_experiment_e3dedfd8-6bdc-11ea-bc2c-0242ac110003", "total_num_features_created": 129, "train_data_name": "Fact1_Train", "train_df_shape": [35672, 28], "transform": "", "tt": "Timer", "valid_data_name": "[Valid]", "valid_dt_shape": null, "valid_score": 0.8778834815460752, "valid_sd": 0.0012777210437822984, "valid_threshold": 0.3960225284099579, "validation": "internal", "MCC": {"valid_score": 0.7034228526575466, "valid_sd": 0.002248625872290967, "maximize": true}, "MACROAUC": {"valid_score": 0.9185000113532222, "valid_sd": 0.0011686651366065533, "maximize": true}, "LOGLOSS": {"valid_score": 0.45822905247922957, "valid_sd": 0.002811726585136905, "maximize": false}, "F2": {"valid_score": 0.8022819017716977, "valid_sd": 0.0014990839148606278, "maximize": true}, "F1": {"valid_score": 0.8022819017716977, "valid_sd": 0.0014990839148606278, "maximize": true}, "F05": {"valid_score": 0.8022819017716977, "valid_sd": 0.0014990839148606278, "maximize": true}, "AUCPR": {"valid_score": 0.8811375148162415, "valid_sd": 0.0012821135042519036, "maximize": true}, "AUC": {"valid_score": 0.9389417407730376, "valid_sd": 0.0006388605218911492, "maximize": true}, "ACCURACY": {"valid_score": 0.8022819017716977, "valid_sd": 0.0014990839148606278, "maximize": true}, "GINI": {"valid_score": 0.8778834815460752, "valid_sd": 0.0012777210437822984, "maximize": true}}