{"Data preparation": {"length": 14.909550189971924, "models": 0, "expected_models": 0}, "Shift/Leakage detection": {"length": 20.208247661590576, "models": 0, "expected_models": 0}, "Model and feature tuning": {"length": 71.23309969902039, "models": 5, "expected_models": 5}, "Feature evolution": {"length": 132.9573802947998, "models": 8, "expected_models": 52}, "Final pipeline training": {"length": 233.89875411987305, "models": 9, "expected_models": 9}, "Python scorer building": {"length": 127.1331729888916, "models": 0, "expected_models": 0}, "Mojo scorer building": {"length": 12.16638445854187, "models": 0, "expected_models": 0}}