{
    "job order": {
        "0": 2,
        "1": 0,
        "2": 1,
        "3": 3
    },
    "job status": {
        "0": "PASSED",
        "1": "PASSED",
        "2": "PASSED",
        "3": "PASSED"
    },
    "booster": {
        "0": "lightgbm",
        "1": "lightgbm",
        "2": "gbtree",
        "3": "constant"
    },
    "boosting_type": {
        "0": "gbdt",
        "1": "gbdt",
        "2": "",
        "3": "gbdt"
    },
    "colsample_bytree": {
        "0": 0.8,
        "1": 0.8,
        "2": 0.8,
        "3": 0.8
    },
    "disable_gpus": {
        "0": false,
        "1": false,
        "2": false,
        "3": false
    },
    "early_stopping_rounds": {
        "0": 20,
        "1": 20,
        "2": 20,
        "3": 20
    },
    "enable_early_stopping_rounds": {
        "0": true,
        "1": true,
        "2": "",
        "3": true
    },
    "ensemble_level": {
        "0": 1,
        "1": 1,
        "2": 1,
        "3": 1
    },
    "eval_metric": {
        "0": "mlogloss",
        "1": "mlogloss",
        "2": "mlogloss",
        "3": "mlogloss"
    },
    "gamma": {
        "0": 0,
        "1": 0,
        "2": 0,
        "3": 0
    },
    "grow_policy": {
        "0": "depthwise",
        "1": "depthwise",
        "2": "depthwise",
        "3": "depthwise"
    },
    "interpretability": {
        "0": 5,
        "1": 5,
        "2": 5,
        "3": 5
    },
    "learning_rate": {
        "0": 0.1,
        "1": 0.1,
        "2": 0.1,
        "3": 0.1
    },
    "lossguide": {
        "0": false,
        "1": false,
        "2": false,
        "3": false
    },
    "max_bin": {
        "0": 256,
        "1": 256,
        "2": 256,
        "3": 256
    },
    "max_delta_step": {
        "0": 0,
        "1": 0,
        "2": 0,
        "3": 0
    },
    "max_depth": {
        "0": 6.0,
        "1": 6.0,
        "2": 6.0,
        "3": 6.0
    },
    "max_leaves": {
        "0": 0.0,
        "1": 0.0,
        "2": 0.0,
        "3": 0.0
    },
    "min_child_samples": {
        "0": 1,
        "1": 1,
        "2": "",
        "3": 1
    },
    "min_child_weight": {
        "0": 1,
        "1": 1,
        "2": 1,
        "3": 1
    },
    "min_data_in_bin": {
        "0": 1,
        "1": 1,
        "2": "",
        "3": 1
    },
    "model_class_name": {
        "0": "LightGBMModel",
        "1": "LightGBMModel",
        "2": "XGBoostGBMModel",
        "3": "ConstantModel"
    },
    "model_origin": {
        "0": "DefaultIndiv: do_te:only,interp:5,depth:6,num_as_cat:False",
        "1": "SEQUENCE",
        "2": "SEQUENCE",
        "3": "REF_0"
    },
    "n_estimators": {
        "0": 300,
        "1": 300,
        "2": 300,
        "3": 300
    },
    "n_jobs": {
        "0": 2,
        "1": 2,
        "2": 2,
        "3": 2
    },
    "num_class": {
        "0": 3,
        "1": 3,
        "2": 3,
        "3": 3
    },
    "num_classes": {
        "0": 3,
        "1": 3,
        "2": 3,
        "3": 3
    },
    "objective": {
        "0": "multi:softprob",
        "1": "multi:softprob",
        "2": "multi:softprob",
        "3": "multi:softprob"
    },
    "pred_gap": {
        "0": "",
        "1": "",
        "2": "",
        "3": ""
    },
    "pred_periods": {
        "0": "",
        "1": "",
        "2": "",
        "3": ""
    },
    "random_state": {
        "0": 254274048,
        "1": 254274048,
        "2": 254274048,
        "3": 1011415184
    },
    "reg_alpha": {
        "0": 0.0,
        "1": 0.0,
        "2": 0.0,
        "3": 0.0
    },
    "reg_lambda": {
        "0": 1.0,
        "1": 1.0,
        "2": 1.0,
        "3": 1.0
    },
    "scale_pos_weight": {
        "0": 1,
        "1": 1,
        "2": 1,
        "3": 1
    },
    "seed": {
        "0": 254274048,
        "1": 254274048,
        "2": 254274048,
        "3": 1011415184
    },
    "subsample": {
        "0": 0.7,
        "1": 0.7,
        "2": 0.7,
        "3": 0.7
    },
    "train_shape": {
        "0": [
            35672,
            28
        ],
        "1": [
            35672,
            28
        ],
        "2": [
            35672,
            28
        ],
        "3": [
            35672,
            28
        ]
    },
    "tree_method": {
        "0": "gpu_hist",
        "1": "gpu_hist",
        "2": "gpu_hist",
        "3": "gpu_hist"
    },
    "valid_shape": {
        "0": "",
        "1": "",
        "2": "",
        "3": ""
    },
    "scores": {
        "0": 0.877770269,
        "1": 0.87740273,
        "2": 0.8759580946,
        "3": 0.4599276764
    },
    "scores_sd": {
        "0": 0.0024978806,
        "1": 0.0024177516,
        "2": 0.0021297218,
        "3": 0.0046466965
    },
    "tournament scores": {
        "0": 0.877770269,
        "1": 0.87740273,
        "2": 0.8759580946,
        "3": 0.4599276764
    },
    "training_times": {
        "0": 10.0639250278,
        "1": 7.8545265198,
        "2": 19.7203640938,
        "3": 0.2421016693
    },
    "best_iterations": {
        "0": 164,
        "1": 136,
        "2": 157,
        "3": 1
    },
    "nfeatures": {
        "0": 82,
        "1": 32,
        "2": 32,
        "3": 1
    },
    "feature cost": {
        "0": 82,
        "1": 32,
        "2": 32,
        "3": 1
    },
    "transformers_used": {
        "0": [
            "CVTargetEncodeTransformer",
            "InteractionsTransformer",
            "OriginalTransformer",
            "TextTransformer"
        ],
        "1": [
            "CVTargetEncodeTransformer",
            "OriginalTransformer"
        ],
        "2": [
            "CVTargetEncodeTransformer",
            "OriginalTransformer"
        ],
        "3": [
            "OriginalTransformer"
        ]
    },
    "from_brain": {
        "0": false,
        "1": false,
        "2": false,
        "3": false
    },
    "derived_from_brain": {
        "0": false,
        "1": false,
        "2": false,
        "3": false
    },
    "from_brain_count": {
        "0": 0,
        "1": 0,
        "2": 0,
        "3": 0
    },
    "derived_from_brain_count": {
        "0": 0,
        "1": 0,
        "2": 0,
        "3": 0
    },
    "rel_scores": {
        "0": 1.0,
        "1": 0.9995812811,
        "2": 0.9979354798,
        "3": 0.5239727212
    },
    "rel_tournament scores": {
        "0": 1.0,
        "1": 0.9995812811,
        "2": 0.9979354798,
        "3": 0.5239727212
    },
    "isbest": {
        "0": "",
        "1": "*",
        "2": "",
        "3": ""
    },
    "good": {
        "0": "+",
        "1": "+",
        "2": "+",
        "3": ""
    }
}